/*Población de datos de tabla de administradores/empleados*/

insert into employee (employee_ID, FirstName, LastName, BirthDate, HireDate, Address, Telephone, Photo, Password, Email) values ('1', 'Stanford', 'Chantillon', '9/18/1983', '6/16/2019', '247 Mifflin Circle', '516-472-4276', 'data:image/png;base64,iVBORw0KGgoAAAANSUhEUgAAABAAAAAQCAYAAAAf8/9hAAAABGdBTUEAAK/INwWK6QAAABl0RVh0U29mdHdhcmUAQWRvYmUgSW1hZ2VSZWFkeXHJZTwAAALtSURBVBgZTcFLaFxVAIDh/5577jwzj0wSUmqMtKIiBltbbJ1FUCxVoQu3FrHGVRU3BVcKrkTcKOhCUOtOAyJ23WIQtFawpoooZWKJpnbsNJN5PzP3PO5xArPo93nOOfasXCgfAz48mE8UhzpiqCN0FLFrog7QA+qABVpAA/gC+FYyERlz/NC+qeIbT85xt4GKckMV5Voju6A09ELLzXqfi38PTgLnJBORMfPZmMeectsSeB7SA19CPBAsxgW+EAQ+PLaQZH8uXTj/S+UDwYTVOitxmAh6yqOjoR1CZwSdETR2Yadv2fPm6i2KB9IszQZzkgkVmvnLZcuP21VeO1rgs+tdAu1YOZxlKiHw8fA9iADPdvn5nxa/3epUBGOH39sqjETu2UJG4oUwDB2RcmRSHuevdtjpWgZhxEBH4KDaDflobbNrlVoRh97demHpgfTth+5J5ZpNw5kjWQxw6mCa7aYlk4bPr7X54XqfkfGIHNjAYpQ6cOH1x9fEw/cnP13M+Ik7bc3ZYxniMR9PQCElObmYptox7E97XK0MscbhHJgwxKrQMiZ+v9Y9u3knHBUCn08ut6m2DQJHe6C5WOqQl4KbVcXR2QSxwENbS38wNEapLmNi4/0Hv/r3zxvHN0p1YnGP1e/r4ODr9TbZlKBTU7xSnKG4lCUZQKMfYkJVvfT2c44xyVjKr6lpEUI3g3UOPIE1lu6O5aUTcyRjPjhISUGttYtVYYUJuXxudRZ4p/jIvZx+eoHvSopmz/Ly8jyJwBFIkD7EfMimYLM8xChVZUJapU4Ap34tbdHalfRDh7aOUHsoE2FsROQchVyOV5/Zx3ZjiFWqxoS0Wh95/qlHk2+9+AR3sw60dSgDOPj4UoVUAL3+EKt1gwlptd7arnf4cq1EfipJPpsgn46TS8fJpGLEY4K4FJxenicuodbsYbX+jwkZGfPNlfWNhSvrG/cBM8AMMA1MA7lELAgSiYBsOkk+m+KPv8o3gJ+Y+B9yFXCQeyJWrQAAAABJRU5ErkJggg==', 'DAHcmP', 'schantillon0@cocolog-nifty.com');
insert into employee (employee_ID, FirstName, LastName, BirthDate, HireDate, Address, Telephone, Photo, Password, Email) values ('2', 'Birgit', 'Ondricek', '11/25/1986', '5/19/2020', '293 Atwood Street', '423-223-7800', 'data:image/png;base64,iVBORw0KGgoAAAANSUhEUgAAABAAAAAQCAYAAAAf8/9hAAAABGdBTUEAAK/INwWK6QAAABl0RVh0U29mdHdhcmUAQWRvYmUgSW1hZ2VSZWFkeXHJZTwAAAH2SURBVDjLpZJBS5RRFIafb+aOMzoaoqiYtEvBCaSFiEH7IKIQF1FIINJfiFaiC5f+iCIcXAwURX+gIkGigghBbSloEeYwM9/nveecFk5fmiMFHbjczeU5z3nvicyM/ykH8OTV/n0zpsS0X1WpJ4HEC0G0eQQJhqh+XpoZvncKoGa3pye6uv/WbWF162JLA1HtBnj6aX1Ak6GeIC4nqjSOmbRlChQLOeZXtndE9cPSzPD1Y4CjHDqs1HttvOhadTeDWiwUC1kWVrdKJw1EAfhRCy7xxsuN9xmNL2RE8lGLTAY729uYX9k2UV13AKEJEDXyuQjnR7I3xjv5h0zGHIAXRc0QVRJv1BMB4NmXRwQNHMRV6r6Bl0DQQJDAwytLeC/5dARr3vlclGZytzR3ZvdaHPBBSA1MIagSe00zKb/eOxNwc7yHw1+A79U6okoEZDNRmgnAnav9VNZ2mZ4cOAH4dhD/NhCxj4vlzZGB3i5qDUkzcVmovN2DCCpru7hMBGbkHIwOdXDom4Dl2dE5gAePN3YKbREiOmiAy0ZMTfS1NNjaOSAE5cTSiNj6Ynnz0mDfOUzBZeDFu6/AkQGAi0CB0vkCxh+A5dnRW00TE1Umh7sIYtQaPv2Z49XuIm25tiL2ZrG8eflQtOiDUK0lBAmn3u1X4+c/AQHoQ0fGFnyFAAAAAElFTkSuQmCC', 'm1f3Tiiu', 'bondricek1@nhs.uk');
insert into employee (employee_ID, FirstName, LastName, BirthDate, HireDate, Address, Telephone, Photo, Password, Email) values ('3', 'Cindelyn', 'Oaker', '7/28/2002', '3/1/2017', '666 Nova Road', '475-952-8191', 'data:image/png;base64,iVBORw0KGgoAAAANSUhEUgAAABAAAAAQCAYAAAAf8/9hAAAABGdBTUEAAK/INwWK6QAAABl0RVh0U29mdHdhcmUAQWRvYmUgSW1hZ2VSZWFkeXHJZTwAAAJKSURBVBgZpcFdaI1xHMDx73POs7NzbMO25qXFGikRkmQXLuQlL3GpuHDhwkuSC1dKaQp37pTszhWFFJFGLG1cuDG1cyHKsnm3tXP2nGf/5//7/36myI2i9vlEZsZM5JihHDMUn7351fgLUcV7xYngPaRipE5wXkgzI/FKmgox0zYsK/GHIWqEYIgaEgwvhlfFe8OL4oOSidLz+DMxv1RqQlAQNSQoWTC8KF6MTBQngcwbTpTMKy2NMemkEDNtx5pGegerbFnVyEQtcP3ZOHu7mikVIoxpBoPDNfrKExzcNB8nytW+L2jqyTkRak5pbsyjCvV1OdIsUCpEXLz7kQjovvGejrYCK9pLtLcW6JxXJPWKJkIuccLzNwnrl87i9otxinURh7e2EecjJl3AgMQFVGHj8tn8VJ0KOB+wJJCbTI3NK5p4MlRh2+rZ1Jxy/tYozhvJVMAMkqlA5eEVysdXM7CzyNCRZSwt96AuI55IM3wwnpYrrFvSgBlMOsHMSFwAg5XD17CRR3TtP0R950rSV700DTxk0GpEW86Vbc/aZkbGHJlXnCjOG5koTpRMlAP9u9h99ASlt30w2g9z5vIt7uDBg9fElaqQZoGmYp6sLqLoI3y9IRLhJYdXoyX5QHFBJ+w6yW9x90IW8J14LPVcuj+KeUOdYplgXjEXIFMsKFsLLdRe3qPhzjFc+okaUK3k+Ra1EpkZ/9K/r7270NRwelGrxHFuhOpX4d3nfPBTdiYyM/7HwL7Fp5KxD0fyIeoIeRs1uLy9Vy78AKt+cH41HYv2AAAAAElFTkSuQmCC', 'LLFv1z', 'coaker2@discovery.com');
insert into employee (employee_ID, FirstName, LastName, BirthDate, HireDate, Address, Telephone, Photo, Password, Email) values ('4', 'Mirella', 'Pavelka', '2/7/1990', '5/26/2018', '469 Sauthoff Lane', '256-677-6611', 'data:image/png;base64,iVBORw0KGgoAAAANSUhEUgAAABAAAAAQCAQAAAC1+jfqAAAABGdBTUEAAK/INwWK6QAAABl0RVh0U29mdHdhcmUAQWRvYmUgSW1hZ2VSZWFkeXHJZTwAAAFWSURBVBgZBcE/SFQBAAfg792dppJeEhjZn80MChpqdQ2iscmlscGi1nBPaGkviKKhONSpvSGHcCrBiDDjEhOC0I68sjvf+/V9RQCsLHRu7k0yvtN8MTMPICJieaLVS5IkafVeTkZEFLGy0JndO6vWNGVafPJVh2p8q/lqZl60DpIkaWcpa1nLYtpJkqR1EPVLz+pX4rj47FDbD2NKJ1U+6jTeTRdL/YuNrkLdhhuAZVP6ukqbh7V0TzmtadSEDZXKhhMG7ekZl24jGDLgtwEd6+jbdWAAEY0gKsPO+KPy01+jGgqlUjTK4ZroK/UVKoeOgJ5CpRyq5e2qjhF1laAS8c+Ymk1ZrVXXt2+9+fJBYUwDpZ4RR7Wtf9u9m2tF8Hwi9zJ3/tg5pW2FHVv7eZJHd75TBPD0QuYze7n4Zdv+ch7cfg8UAcDjq7mfwTycew1AEQAAAMB/0x+5JQ3zQMYAAAAASUVORK5CYII=', 'AA0MU8UHKp', 'mpavelka3@imgur.com');
insert into employee (employee_ID, FirstName, LastName, BirthDate, HireDate, Address, Telephone, Photo, Password, Email) values ('5', 'Mirna', 'Shirley', '3/10/1982', '9/16/2021', '94122 Oak Valley Lane', '471-437-0189', 'data:image/png;base64,iVBORw0KGgoAAAANSUhEUgAAABAAAAAQCAYAAAAf8/9hAAAABGdBTUEAAK/INwWK6QAAABl0RVh0U29mdHdhcmUAQWRvYmUgSW1hZ2VSZWFkeXHJZTwAAAIgSURBVDjLpVPPaxNBFP6SXZuYZWlsQbQhqRFsD1ahVgUPIuhBEDyKAU+ehB49FQTpQbwKggj+Cx6UgigloJQsqJcWCykppJVqTILi2iRms7szO86baVMFD4U8eMyP975vvvdmJiaEwCAWx4A2MIHpOM/+W0MUMekCQtDIpQdgjINzJqOhnDOEYQiTksfGTvWB1BMhoh3XBDQnkt0xiijGsbZW1ARkvt9WAB3UCRrEd0C7rhUlk7ZU4GkCzRwhlUojmz2DbtdFs1lBLndO7odYXV3A1NR1GIaJ9fW3cN0ttc+YjzhjYZ+ZwJub72WgJ8FnsbHhoNP5gXz+gkquVIrykBEQhvNQKpAE1BSqkzbIWq06qlUHnudicvIyLGsE9XoZtn0YExNXsL1dU7l0KB1kRpGnOquJoIKcc5TLb1TS9PQNZDKnsfToFuIrH+DXpPxhG73zl8BTPkySQfI5D1RTZmYKSloQdKTcURXbevEYhxpfcOLmLBL5k/A+LaJcKiJtSAVUm1YQYHn5+T+d7vvLJ7h4ew7J6jtg6QFSw2kcy42jUfoI0/d91dFEwvrr2vbundae+wvJI3ng2t29Fzh/FAc7ASnwZL2vVWfpdQnhy1Gol0ckpO546gC6K69gLczC9xroSoJ2y0DPGkJsP7+xVMjMD9nWvewoM834V7S/M3xuGjzsifux/X5np5Cb+/3z2x2Dx8a5IWoS9fTqInv4B7QMlwnqx2E+AAAAAElFTkSuQmCC', 'JPBfptRb5Czg', 'mshirley4@photobucket.com');
insert into employee (employee_ID, FirstName, LastName, BirthDate, HireDate, Address, Telephone, Photo, Password, Email) values ('6', 'Aurel', 'Mcmanaman', '12/1/1991', '12/16/2017', '532 Coolidge Circle', '582-553-3043', 'data:image/png;base64,iVBORw0KGgoAAAANSUhEUgAAABAAAAAQCAYAAAAf8/9hAAAABGdBTUEAAK/INwWK6QAAABl0RVh0U29mdHdhcmUAQWRvYmUgSW1hZ2VSZWFkeXHJZTwAAAHSSURBVDjLpZPbSxtREMbzL4pSpYj1VilUmmpQSCKCSLAgihFTo9Eg0TRZY5LdxJgbKYo+2AstLRbU1nfxrlmTdLPJ55nZ+OCjyYGPYQ8zv/PN7DkmAKZGZGoakN5OKSeqPfAPtk9Ca8ew+g4xvPIHQ94DWJZ/Y3DxJ94v/ID54zf0z32BbXFPpToGODZOKrPpUzxX5pmdCgPo5HrUN7kNBtjW/qKe1TORMwDW1SPeeJ0ucMzlcshms0gmkyhqVSQSCVzmdSiKAlmWEQ6HOa/TkakBxMBolUQyFRRIpQruijp/3xR0XN/ruMiXcXar4fRG4/yOsaQBoGmzpa08x0wmg1QqhVgsxoBoNMoQSZIQCATg9/s5r300YQDoV9HS9Cr+l6vspFRzQgBVOCE3j06uVJ3zX47EDIBl6RdvdG9ec6Se4/E4QqEQA4LBIO5FSz6fD16vFx6Ph/PabLIBMM9/541ypYpyzQWpqD2VKiB54YJEq2VowwC8m/tqTFU+50i9RyIR7pUK6WSKbrcbLpcLTqeT85ot6wagf3a/rnvQNCjh8S1Ib6Z3+Wb1fviMLkcWr8bTYsqbPKg2u4JWawQvhsPCdkicLEHUkCQGNPwaGwU8AG9RQVkc+5PeAAAAAElFTkSuQmCC', 'YtBGUD', 'amcmanaman5@paypal.com');
insert into employee (employee_ID, FirstName, LastName, BirthDate, HireDate, Address, Telephone, Photo, Password, Email) values ('7', 'Kelsy', 'Menichino', '2/9/1982', '2/12/2015', '10 Heath Park', '727-899-4311', 'data:image/png;base64,iVBORw0KGgoAAAANSUhEUgAAABAAAAAQCAYAAAAf8/9hAAAABGdBTUEAAK/INwWK6QAAABl0RVh0U29mdHdhcmUAQWRvYmUgSW1hZ2VSZWFkeXHJZTwAAAKtSURBVDjLpZPrT5JRHMfdetn/4evet3QrhGayZathrbwNppMU8ckFONEhoiGFeMNL4o3yBoi37lQQ89rYypaLIitTQVSUWKC9+Haeg5P5svXi+5zf7/t8f59zzrM9SQCS/kf0MeAKKfudodWe19vofhlE54sg2p4F0Px4A43T69BN/ET92A+oLd9QPexD5YMvUAx4F44Afc6dYCT6B/+iW73LsSOA6dUWNWEWAQNCoDcXMN0AOrKAtstAIx9o4AHqs0DVGZqVdH3AEaDLETwEkGGHHHheDjyVAk+KgclCwJ4HjF4DBgms8jTNFhnfJQDt5L7HTtCfD/SRoZ4coPs60EmG2wVAKwG0XKJZYbMnAWghH4s1H74JsCaG3X66jszEe8tsvLfPxdfgXhQ5+sUEQD+1hvDvAzpgYTW7CetsALb5AOxEUvtNlIwVodhaiOm3fnzdCOOqdi4B0I2vYo8AbPOb8Z0O18nF+AmYcQla39+DZExM+89re7iimUkA6mzfsRs5wMTiJmwzq2CaS6GuV8NkMqFGcweMWQJmVIKKGgX1tFodsuVdSElJOUkBqpEVhH7tY2phnQYMBgP8fj98Ph+cTifqG/QwtnfC6/VSz+1200xGRoaWApRDPgpo7JnAbZkCnqUl5DO5JHABIpEITU1NkMvltObz+VDXaiiEYZhdClCYP2GHAMoq6qDRaCggFoshjcuDw+GAx+OBy+WC1WoFj3cega0wBahUqigFlPctYzscw/1eMySSUgqQVSjB4XDA5XKRmZlJxdYcThqUVdUUUFBQEKKAMtNHd0nHUiRb/QgXs/KgvWuAecgCm80Go9EIqVQKmUxGa9YzD1qg1ekPyHWWj/2aycnJJ1JTU0+lp6evCIXCiFgsjhLtCwSCbKJzpA6zHvuOzbDZv+ti+O9p0FSiAAAAAElFTkSuQmCC', 'i8odAT', 'kmenichino6@oracle.com');
insert into employee (employee_ID, FirstName, LastName, BirthDate, HireDate, Address, Telephone, Photo, Password, Email) values ('8', 'Julio', 'Hughesdon', '5/8/1965', '2/13/2013', '3017 Lawn Pass', '738-599-7254', 'data:image/png;base64,iVBORw0KGgoAAAANSUhEUgAAABAAAAAQCAYAAAAf8/9hAAAABGdBTUEAAK/INwWK6QAAABl0RVh0U29mdHdhcmUAQWRvYmUgSW1hZ2VSZWFkeXHJZTwAAAInSURBVDjLnZPPS1RRFMe/b3zk5DCVmlq+0ZBCoTEXWkEELmzhqiCocNWyTav+gfoX2gq2bhET/VgUIczKoVUGxthIKqX1tAmG+cGM7/56nXvezDCtDC9czpl7z+ec7zlznxOGIY6y5p/N3ZVKLcb+J/j+23uphczt6x3wLYKfe0Nne53DFBB8QQiZFkK8FFLNSynjBL86MzDY9X13t3qoAoJ7Cc6kBrwYwR8Ifn3OSzFM19POYu4xSzAmpG2gaRutQYFQStOW+H1Qhh9WcTKZRK1exy9/D+nEEI4hBjdtPAwPX2pXtC2FoWlu6yv2Pxe/YulLBk7o4MnVBzgdP4H19WW4LTAIqgxYFRGsyddtez7ej0cX71AFg+NaQWsJKRtRAgtYsKfnFEZGplGvl7C/X8Do6BU6l1hbe4PJyZuY6nKxsZFFqfSDz5UKELM92grGKIa3tz/SxQHBl7G1tYJa7Q/Gxq5xcKGwTEX6eC6RAkqgteI+7YFdlYqPzc0VNBolTEzMIZHog+/nkUwOYnz8Bsrlnxxri9pCMWMa0NyTTQS+tBXy+ffI5ZZ4Lp43hWz2KXZ2PnErVn7EBHCtDCtfa8FDmZlZYGlC1EhuP99VKnuYnX3IfrH4jeGobQ3X9hZlE1hdfdGeRyug85+wtjXwyCq4QRCwpO7uREewafqm/bv1LujJNW30CZCCBvX7jvtWys4hIGvfg+AkkVzFQGT/Xc5RP+fW+gsEgchGXj0/PQAAAABJRU5ErkJggg==', 'ujIj792i3C1e', 'jhughesdon7@washington.edu');
insert into employee (employee_ID, FirstName, LastName, BirthDate, HireDate, Address, Telephone, Photo, Password, Email) values ('9', 'Daveta', 'Rolfs', '1/16/1953', '8/21/2007', '856 Shopko Hill', '610-324-7809', 'data:image/png;base64,iVBORw0KGgoAAAANSUhEUgAAABAAAAAQCAYAAAAf8/9hAAAABGdBTUEAAK/INwWK6QAAABl0RVh0U29mdHdhcmUAQWRvYmUgSW1hZ2VSZWFkeXHJZTwAAAG2SURBVDjLY/j//z8DJZgsTUdmCkodmSV7eO8EkQayNN8+WPry3YOV/3d2ib0nVbMsUPPrT8/3/n9+Nun/1hbxP6Rolr99sOTtZ6DmD7cLwZrXVUt5kKb5xb7/P17U/b+4xu4/UHMRUYEI1KwK1PwOpvnSOgeQ5vlExQJQs8atA8UfPr+EaL662QWk+diSPDlWnAZsWjufedOaORyHZ0lrgzR/ebkfrPnWbm+Q5odAzYJY0wFQI+OmtXN5N62ZVbJpzYzrB2bIfX5zaxJY86NjYSDN34CaVbEmpN4lK5hWrJonBtS8ddOaeT82rZn9b8vSmn87u6X+393n///gdKP/QM3OOFNi95Jlks0Ll6+bOG/l//OXzv7/8+ny/09PD/zfPD/vHtTmVJxJuXfxErbW+UuyG6Yu+T9t15X/rQt2/k/t2vK/ctKa/0Utk7YuyFeXxpsX6qcvXdswe/3/tpXH/neuv/a/cu7J/9E9V//7Fi57n1w+QY1gZsppnfMvqWb6/8iSyf8Dcyb8907r+R+QO2tbbNHEIKJz46bF5SybFhVZbVqY17BpfqbEpnmpfJvmJfESYwAA/ZPGvT+K5AYAAAAASUVORK5CYII=', 'eAD9eR8', 'drolfs8@rambler.ru');
insert into employee (employee_ID, FirstName, LastName, BirthDate, HireDate, Address, Telephone, Photo, Password, Email) values ('10', 'Myer', 'Kasper', '2/8/1952', '3/21/2008', '34 Packers Hill', '628-152-5445', 'data:image/png;base64,iVBORw0KGgoAAAANSUhEUgAAABAAAAAQCAYAAAAf8/9hAAAABGdBTUEAAK/INwWK6QAAABl0RVh0U29mdHdhcmUAQWRvYmUgSW1hZ2VSZWFkeXHJZTwAAAGWSURBVDjLlZNNSwJRFIa1Tf8hElq1qCDJxk22CdsErVvbLotQbGFkZBYWRqCghqv2tXHRokACw4IICvoHbRS/8HPGGbXe7hkcGTU/uvAwA3Pf555zhqsBoGFrkmFgGIcwxRijjIKmJTCIolhsNBrfzWYTf8G+IxgMBrolisBI4Wq1Cp7n25RKJRQKBaTTaVmSSqUQCoU6JLS0JKANtVoNkiTJT6JSqaBYLCKTycgCQRBAh0QiEVnSI6CwAgkoUC6Xkc1me1pqzUTbIWBttDfQO/WttJLL5eRKkslkf0E3aglVQvPI5/OjC9QSaodmQqJ/CYh6vS7PhSTEvwVUBQm8iUOcxl2jCSikQBW44064Hh1wPuzCEd0ZXVATBThjNhzE7Lj+DCPyEcDWjQUr3qUvzj4/PvQv+BInsNxuwHFnxdW7H4E3H2xRK0xHnMTt6+/Vgp9Bc1gPr8L/eg7fiwdrl2bozBOb6ruwyIbEs419L5P5Yhlnz8fwPLmwsDdHIYNaoCPJoKtscnNgJUNvn8XM9jSFdJT9BVHxpMfQmzHDAAAAAElFTkSuQmCC', 'anCfj2Y5wW', 'mkasper9@hud.gov');

/*Población de datos de tabla de el carro de comprar / orden de compra*/

insert into orders (Order_ID, employee_ID, User_ID, OrderDate, RequiredDate, DeliveryDate, DeliveryService, DeliveryAddress) values (1, 1, 1, '2/27/2021', '2/24/2021', '3/14/2021', 'Twimm', '9203 Center Way');
insert into orders (Order_ID, employee_ID, User_ID, OrderDate, RequiredDate, DeliveryDate, DeliveryService, DeliveryAddress) values (2, 2, 2, '6/18/2021', '9/30/2021', '10/31/2020', 'Dabtype', '00 Mayer Crossing');
insert into orders (Order_ID, employee_ID, User_ID, OrderDate, RequiredDate, DeliveryDate, DeliveryService, DeliveryAddress) values (3, 3, 3, '4/2/2021', '4/19/2021', '5/5/2021', 'Vinte', '4 Kropf Circle');
insert into orders (Order_ID, employee_ID, User_ID, OrderDate, RequiredDate, DeliveryDate, DeliveryService, DeliveryAddress) values (4, 4, 4, '5/13/2021', '4/29/2021', '1/21/2021', 'Zoomlounge', '399 Hauk Junction');
insert into orders (Order_ID, employee_ID, User_ID, OrderDate, RequiredDate, DeliveryDate, DeliveryService, DeliveryAddress) values (5, 5, 5, '2/16/2021', '6/26/2021', '3/2/2021', 'Twitterbeat', '86 Talisman Avenue');
insert into orders (Order_ID, employee_ID, User_ID, OrderDate, RequiredDate, DeliveryDate, DeliveryService, DeliveryAddress) values (6, 6, 6, '12/4/2020', '7/26/2021', '2/6/2021', 'Jabberstorm', '5841 Hooker Point');
insert into orders (Order_ID, employee_ID, User_ID, OrderDate, RequiredDate, DeliveryDate, DeliveryService, DeliveryAddress) values (7, 7, 7, '6/11/2021', '3/2/2021', '5/10/2021', 'Einti', '78251 Lerdahl Parkway');
insert into orders (Order_ID, employee_ID, User_ID, OrderDate, RequiredDate, DeliveryDate, DeliveryService, DeliveryAddress) values (8, 8, 8, '12/3/2020', '6/15/2021', '6/16/2021', 'Zoovu', '1 Hudson Place');
insert into orders (Order_ID, employee_ID, User_ID, OrderDate, RequiredDate, DeliveryDate, DeliveryService, DeliveryAddress) values (9, 9, 9, '1/20/2021', '10/14/2020', '3/6/2021', 'Trudoo', '48229 Orin Trail');
insert into orders (Order_ID, employee_ID, User_ID, OrderDate, RequiredDate, DeliveryDate, DeliveryService, DeliveryAddress) values (10, 10, 10, '11/24/2020', '11/15/2020', '12/6/2020', 'Fatz', '754 Maple Wood Junction');


/*Población de datos de tabla de usuarios*/

insert into users (User_ID, FirstName, LastName, Address, Telephone, Email, Photo, Password, PaymentMethod, UserCategory_ID) values ('1', 'Rora', 'Alderman', '25 Troy Pass', '918-487-3414', 'ralderman0@trellian.com', 'data:image/png;base64,iVBORw0KGgoAAAANSUhEUgAAABAAAAAQCAYAAAAf8/9hAAAABGdBTUEAAK/INwWK6QAAABl0RVh0U29mdHdhcmUAQWRvYmUgSW1hZ2VSZWFkeXHJZTwAAAEjSURBVDjLxVM7TsRADPVEK4oVSrGU1FyCjltwADrOQhOJe1DsMbbfYjsQ2g4h5cvM2MaeT1BIJNBSYMl69iTv+TOJYWb4ixWnEquqCpVX3x887bqxJSQAkgwRwEvsE97drM0wDLAooHZxXgBlsiAmJDl4ecPwTtd1ywJaXsmZqLFP5JBHPrRtuyyQ29Xq2nIU44mYWtM0ywJKOr7TOC9hjIOAOvwgcHu9Nr+5hYnAw/bI81EYvLTgBJ1lsA7BORIkeLy/MnVdTzu43JwFJPmwdFGjgNcRxH0BXsj757i8mQBzWhaqK4EDGZ1gyvV8+KD5LeRqPmCKQ/UYo3oSJ6L5DqwlOLz2ghiq6pzOxvZ1fuQvYra+73PrfJKXZcmK5t/+xmyf9PZAc1Cvzt0AAAAASUVORK5CYII=', 'kBZpjfhOJu', 'pellentesque at nulla suspendisse potenti cras in purus eu magna vulputate luctus cum sociis', '3952732168');
insert into users (User_ID, FirstName, LastName, Address, Telephone, Email, Photo, Password, PaymentMethod, UserCategory_ID) values ('2', 'Chlo', 'Cordall', '41145 Anhalt Crossing', '487-102-9476', 'ccordall1@dagondesign.com', 'data:image/png;base64,iVBORw0KGgoAAAANSUhEUgAAABAAAAAQCAYAAAAf8/9hAAAABGdBTUEAAK/INwWK6QAAABl0RVh0U29mdHdhcmUAQWRvYmUgSW1hZ2VSZWFkeXHJZTwAAAHbSURBVDjLpZM/a1RBFEfPnfciq4uChLgrWChaihBYbAxqBD+AgrGwVBDRxipgH1AMEQJpbawU9SvYCRaiEmOaBUkRDRYBwf3zZt691+K9DWuXxYELwzCce37MXHF3/mfJtYcv789d7jzZ7XvTHTDDzVBT3Bxzw1Uxd1wVNePIgdTb3NxefLuysJZ3LnRWpxrN0GpM1LjZ6+sqsJb3k4f+7p+J1QfJA0Du6izdOjMx4M7jLSqAGwCxVBxwc9TAcMwcNUNLr8qNqM6p9mHUtAJQv4IEQdzxILg4YkIIgkhARJHMySyQl9V9K2vAiBQAFwGBzMEEzJzMIUhGLqDiaKiMTa2OYPU/EAH3f0Ai4OqYgAsQhMyyCjCKMNpUDKk2YyDLhcV3t0mxJMZEGiZe3HyDWWUQypT2DEYAkbp9Ha0YJi6dnGf+9BUG/QKAMpV1hDpLBvhYlHGjYlBQlAVREw1psPlzA68N8pEKgNQ16r78folvP9aZOXiMYRmJGpk52uLB87ukvAXcIN/+vvXq3rO0YKqYGqqKmaEpYX6WeGKDQ9MFRRoSNbLza4fe7ymOl9dfA8h+pvHq8sUv7en2uRgT3W7388en67N71vsd5/OPZj+kYUqfVr7OjZ//BRjUGmnYsJxdAAAAAElFTkSuQmCC', 'SZCAgnvCj', 'habitasse platea dictumst morbi vestibulum velit id pretium iaculis diam erat fermentum justo', '3803160537');
insert into users (User_ID, FirstName, LastName, Address, Telephone, Email, Photo, Password, PaymentMethod, UserCategory_ID) values ('3', 'Giffer', 'Gutridge', '344 Morningstar Crossing', '275-878-3658', 'ggutridge2@washington.edu', 'data:image/png;base64,iVBORw0KGgoAAAANSUhEUgAAABAAAAAQCAYAAAAf8/9hAAAABGdBTUEAAK/INwWK6QAAABl0RVh0U29mdHdhcmUAQWRvYmUgSW1hZ2VSZWFkeXHJZTwAAAJqSURBVDjLnVNLa1phED1X1CS+Aokv0Ks0D2jQnbRJi6UJLdidBLsvXfQ3ZFnaXXfd5Re4KiG4DNKNaI1YUVDoUryVxIiPGOP71ZmvGBKkm14Y7nyXOWfOnG+uNJvNcP+pVquySqUKTafTwHg89lFgNBplut3uWavVOvH7/b/v10v3Ca6urp5JknSk0WiC9AYRgQkGgwFub2+hKErk5ubmy+HhYXKOUc2Ty8tLmboeLS8vB5eWlsDEmUxGxHA4xMrKClwuV/D6+vro+PhYXiAgmSG1Wi06M4BJ/P4XeLm/D6PRiF6vB1IGh8MRrFQqoTlOPU/6/X7AYDDwW3T7VaziPPlDKNnd3YPbvsr+wGq1otlsBgjy9YECmtPHxTyvlrqfJxMwuZ7A9OgAP4tjmEwmVgm9Xo9Op+NbUEAuC8NYPrXFdAoMocNkosVQWhU1k8kEZCITYMEDIsi0221RRNeF53tP0Wm30Or28erxDPV6XdSVSiX2I7NAQO6ekTkiTyQS0KCHd68d+HBgwKhTQSwWEwqz2SyPebYwQqPROCmXy288Hk+AbgO5XA7pdJpGmYp9YGP5TATf6dvJggIq2CWDbPF4PMLnnZ0dbG5uYmtrC16vF0SO09PTyPr6uo125f2DTQyHw28pD5PL2nw+76KlUrgrz82eaLVa1Go1kDKX2WxWiASpVOpjoVD4LEYgSd+2t7fBHsiyrNjtduh0OlxcXIjb4QUqFotsnrK2toaNjQ1Eo9FPBP1LwMvDAKfTCYvFIs4cNpvtLne73eKKeRfYFzb0zkRmJ0axRBxzEMf8G4MZxOB//o3/8/wBTrxxLgOn/DMAAAAASUVORK5CYII=', 'T7YVkv4NKC9', 'tortor duis mattis egestas metus aenean fermentum donec ut mauris eget massa tempor convallis nulla', '6039576170');
insert into users (User_ID, FirstName, LastName, Address, Telephone, Email, Photo, Password, PaymentMethod, UserCategory_ID) values ('4', 'Katerine', 'Baison', '99661 Merrick Road', '242-577-6511', 'kbaison3@yandex.ru', 'data:image/png;base64,iVBORw0KGgoAAAANSUhEUgAAABAAAAAQCAYAAAAf8/9hAAAABGdBTUEAAK/INwWK6QAAABl0RVh0U29mdHdhcmUAQWRvYmUgSW1hZ2VSZWFkeXHJZTwAAAJcSURBVDjLfVI7aJpRFD7/7y8qdlDwQdQYwQYJJdCSNmSwlBQcQjK4Zil0KIUgXVwFUeji1Lk4dLGh7RCoDhYtRQoODnUqjVY0SJKKT3zg83/03Jv+YlLMhcO595zzffe8GEmSQD7CK580sztgmkgAtYsiSETwTrTq4ADg23fQfv3CyBgOFo7E8/NgGTgnkYmms0UIsNcIZvwVQBCoDDY24PzwcP6mJLcSoFOaToFdX6eAhtsNo50dGJpMwLpcAOMx9d9GEGYuLkHhcICwtQW91VXQ6/XQ2N0Fbm0NxF+/acxSAtXx+yBc/gnDWRXaSGBaWQGdTgc1ux3E0xJIxXJY9/NHcBHDkMbk83kNz/MuFMVsNgPHh08vzx67X9i2H9GgWq0G0vHH+On9zRDxT7EM1A2/31+lBLlc7lypVFoFrBtJqJDUWZaFyWQCHMdBvV6HZrNJgNTf6/Wg3W4/o2NE49FoNIpZrdY7JOVutwvD4ZAK+YAQm81mcDqdoFKpyIdQqVQ+I+6EkRcplUrdRUPCYrG41Go19Pt9CqSzRyE2EceYTCYFjAuGQqHX15ro8XhKWNvDYrF4QtJUKBQUIP5bICyRgNsYsyeD/5uC1+sdYECq1WpRAtIDohmGoSTYj0E4HE4tHSM5GLRvMBhoylqtFndnTBtK7qjt2PnNpQTRaFSDGTy12WxQrVYhHo+XMpnMu2w2C51OBxy4YFje/lICBD8xGo0arJV0+i2+HwSDweeFQmEvFotdkH7cJOBupG8tl8sVBB4FAoGkbI9EIkmfz3cvnU6/wR3YXsT8BaM2jDnYpij1AAAAAElFTkSuQmCC', 'XdEQHKgDQtz', 'nisi vulputate nonummy maecenas tincidunt lacus at velit vivamus vel nulla eget eros elementum pellentesque', '9119488785');
insert into users (User_ID, FirstName, LastName, Address, Telephone, Email, Photo, Password, PaymentMethod, UserCategory_ID) values ('5', 'Kellen', 'Chrestien', '891 International Pass', '706-498-7606', 'kchrestien4@51.la', 'data:image/png;base64,iVBORw0KGgoAAAANSUhEUgAAABAAAAAQCAQAAAC1+jfqAAAABGdBTUEAAK/INwWK6QAAABl0RVh0U29mdHdhcmUAQWRvYmUgSW1hZ2VSZWFkeXHJZTwAAAEZSURBVCjPY/jPgB9iEVoqPefllFPdNk2GWBUsVpz9ctL1rkcNW/v+59VhKFgkPfP+xI0dF+uC/jPkWCR/Q1MwX2TGvf7Nretr/UG8BO2I5ygK5olP/dCzpWV+dVAhd+bB+JawrT7ICubIT3nbvaFpVkVqgVDa0diO4CneN91E4Qpmq0560jW/YXp5XB5nyq2YrqCFno9cJeG+mKk48UHHjLruMu8czuSbkfUBizxeucrDw2GGev/71uW1jMVrsq4nPIto8F/g8caFDymgetxbHlVLgDjxnWExPjPdb7sIoYRkk17FywJRECdY1Xux201nMbSgLufO25qyJUY1yNrzsus9JxkscZHMG+kVcN7jqWueowARkUWiAgBEUvolGfpITwAAAABJRU5ErkJggg==', 'gWWKB2i', 'ante ipsum primis in faucibus orci luctus et ultrices posuere', '3763973273');
insert into users (User_ID, FirstName, LastName, Address, Telephone, Email, Photo, Password, PaymentMethod, UserCategory_ID) values ('6', 'Perice', 'Cominoli', '173 Summer Ridge Street', '285-526-7990', 'pcominoli5@so-net.ne.jp', 'data:image/png;base64,iVBORw0KGgoAAAANSUhEUgAAABAAAAAQCAYAAAAf8/9hAAAABGdBTUEAAK/INwWK6QAAABl0RVh0U29mdHdhcmUAQWRvYmUgSW1hZ2VSZWFkeXHJZTwAAAKRSURBVDjLhZHfT1JhHMb9F7ptXXXR2lw/Llp3blnNZauLtmwtp15oWsu6oJZ5bKyFQiGIEIRIKoEsJtikWM1JmiQhtpieo3ISUoEINiJNE2SgT5x3ZiVZ3+15v3t/PJ89+755APJ4PJ64s7MzZDKZYDabYbFY0NvbSzq35867u7uh1WpjfD5fwXl+iixqtXoi2xfw/0ppNJrPOQC9Xp/O9vXTvCf4l7jKJkUOgIvH1bmGPlQ1D6Na+gY1Micut77FFcUoapVj5I4rnU6XCzAYDJuAmqz50hbzNdUvQJfu8d8BmUwGMzMz8Hq9oGkaHo8HbrcbTqcTDocDQ0ND+B62gzWeh8/ahPGOIkyo8ssJYCMWmXxLSwtYloXRaIRYLCag6I3rmKUKERmswyJtA5bDWKAtcElORAmgo4MMBqFQCIFAAH6/Hz6fj6RhGAasuw3xqTtIhZ4h8roZCeYpMvMjYLqqkwSgaW8nAKvVCrlcjmAwSNLIZDLM0ibEJ29jLTGCxMdaxMeuwmuoBK0t+zKmOLOHAFQqFQFEo1FEIhGEw2GSZp4x4ytTj7WkCyv+CiSDpViapjCnORJ9Lz1+cHOIcrmCAGw2G5RKJYHY9HxE3tVtmMuRDFzAt8kGsKoifJAcPvTHLzRLJAQQi8WI2FEjpvtvZmM7kJyrxGqwDIvZJH7NSTyUCnK/USgUpocdjnW73Y6+R3xMvaAw8bIVn9wlWJkrRXz8FrzqUxgZ6FsXikSJHABFUYxA0LgiFIrQc/8YsDQPtv0sBqmdcLYVY0BQgAfCetwVNK5m37pyAL9LcDE/nXIpkXLL4W4qRE/VruX++v0Htr7bFlBSsCMpqtibfnWvOG2XHh1+Xrdv93ZmTj8Aff0H4WdEl0kAAAAASUVORK5CYII=', 'LUNl8H', 'odio porttitor id consequat in consequat ut nulla sed accumsan felis ut at dolor', '9401136203');
insert into users (User_ID, FirstName, LastName, Address, Telephone, Email, Photo, Password, PaymentMethod, UserCategory_ID) values ('7', 'Rinaldo', 'Grewer', '678 Hagan Trail', '704-853-2002', 'rgrewer6@about.me', 'data:image/png;base64,iVBORw0KGgoAAAANSUhEUgAAABAAAAAQCAYAAAAf8/9hAAAABGdBTUEAAK/INwWK6QAAABl0RVh0U29mdHdhcmUAQWRvYmUgSW1hZ2VSZWFkeXHJZTwAAAI7SURBVDjLpVPPaxNREP7e7uaHhmxD09AaDzYgGCIBoeBFpJCAKIoXT54Cgh6EXL0U/C/EmyD2ZHMTTBSN6akXoWiIJU1qTU3L4kZjk+xms5vNurN1Q1rtqQMf895jZr5vZneYZVk4iXE4oQnuoVqtvjdNM2UDw+EQhmGMoev6GIPBgHwxk8mkKY9RC3byotfrLUUiESfoqE226fF4UCqV0Gg00tlstugosBkfh0IhSJIEn883TppMpHOz2YQoiojFYkS6ZD8XWblcdtjD4TA6nc4hudQKJTLGwPO8wx4MBhEIBFAoFFCv19MCsZN06pWC/H6/A5d9rMTGqL4MfrcJVbyMZHIBlUplSSAmRVEgy7IzIAoejUagYZJ372J7FfHzGqYS9yGtPUG/daCSCqSIiS6UZLfkSOY4bqzgLNvAQrKLqQvXoDTyOBWcx5y8isjQSHHESr0SqIAL940w65MRSt6Cqdbgn4lCOA1Er17E7cQ+BCrgJpHUeDzueFc+vVu9rzDa38DxLTBOgVdsAZoKVRocFKAv4AT+HZjbN7MTxfZreObsgsMKuNFv+98NwjJ0VFe2kduahqBpWiGfz1+f+MscH+W3kBC/48zNO7D0t2BmF59fdWF2ZPD2jHK1GexhusCOW6ad3I312St3L+mtpxCEKWwUe+rHNSl7Tuuv+AM8Fp/vdA/twj9bxkNn/C54XwRf3vzsfVr/8fDBcv3Fsct01Pa2W+86+x/m1V9Kf3NTfnTvWe3l/+L+ANeBhMdSVgxaAAAAAElFTkSuQmCC', 'R484oCw', 'proin interdum mauris non ligula pellentesque ultrices phasellus id sapien in sapien iaculis congue vivamus metus arcu adipiscing molestie', '0682400289');
insert into users (User_ID, FirstName, LastName, Address, Telephone, Email, Photo, Password, PaymentMethod, UserCategory_ID) values ('8', 'Annetta', 'Lenton', '5173 Summerview Junction', '754-220-8704', 'alenton7@unesco.org', 'data:image/png;base64,iVBORw0KGgoAAAANSUhEUgAAABAAAAAQCAYAAAAf8/9hAAAABGdBTUEAAK/INwWK6QAAABl0RVh0U29mdHdhcmUAQWRvYmUgSW1hZ2VSZWFkeXHJZTwAAALoSURBVDjLjZNrSFNhGMdHJfVl0peCKAKNoL7NopQ0CCqRQrxlUVoxK6eZk0oy03Ap5rXSYZsiedsWuYhGopgaqNNlrTR0uUtuuOl0lE6n87Kb/857aKJJ0IE/7/M+PP/feZ73nJcBgLFWCoUiuLOzs6K9vb2/ubn5l0wmm5FKpVqxWCyUiIQn/q5fDZRKJZMyCyiz02QywWq1Ym5uDgsLC7DZbFCrhyF8nu+qEuSJKviFvusAf8yter0eKysrWFpaAoEYjUZMTU3B7XZjxb0I16IWnR0vUVKUIS8seOi7CiBvJman0wnyuFwukP3IyAhmZ2dpqGNxAsv2YXiWf6CtpQ65OakiGkCZg6i2PXa7nTbMz8/TELPZDI1GA5J3u11YsGngsKvpLpyU7txO8qTfTQlmUGbB2NgYiLRaLW0iMxPQ5OQkHTuWbRRARRlNVDxNdeiAXC4Hh8MRMFgsFv5X5GwIeGZmBgaDAWw2+xsNUKlU0Ol06OnpQUNDA11M1vHxcTpP4uSaQNyoDYBOr8Xo6CgsFgvi4uKmaAAp8poIhIjkvHmysqsD8KjpEi5UHkDv4HdojBOIijk/vQFARPZpkuPgioLAqTuMhBcsZL+NhVRZjvTXEQgt24WmTwMIizg3vGEELyhFFAhZvwBvvlbQxlfKMpR1pKP+YzGSJKE4WrANp6PC6v95iNeoeYn5aVsailpTkN+SCF4TG7nNHFR25yG+LgT7cxge+kfi8/mCrq4uWGapT2kexLBxAHHVB9H4uQySvieoVxSjpreQgtyEsDsXiZIw7HuwZWl3JoNFA0pLS5l5j3M7Gt+JYfippiHRQn+cKd+DU892IqRkO67UHoOgi4cEUSj8M30cfqnMI+suE4/HY97PuledzE10yd5L0TfUjSHDFwzqlejp/wBW/lZcrT8Jvwwfu98t30MbbqNXXG5qSGLy9arLCfGq2IvR1siYcGt45FmVf/Ym196szdiRyfBbW/8bMwbKi+1SPUYAAAAASUVORK5CYII=', 'cwrAnwsE', 'penatibus et magnis dis parturient montes nascetur ridiculus mus etiam vel augue vestibulum rutrum rutrum neque aenean auctor gravida', '3946489281');
insert into users (User_ID, FirstName, LastName, Address, Telephone, Email, Photo, Password, PaymentMethod, UserCategory_ID) values ('9', 'Allen', 'Pammenter', '34 Sundown Hill', '127-237-7275', 'apammenter8@ycombinator.com', 'data:image/png;base64,iVBORw0KGgoAAAANSUhEUgAAABAAAAAQCAYAAAAf8/9hAAAABGdBTUEAAK/INwWK6QAAABl0RVh0U29mdHdhcmUAQWRvYmUgSW1hZ2VSZWFkeXHJZTwAAAJsSURBVDjLpZNdSFNhGMf/787Ome8SF7mxvuecJGU6SLuWIGZ0E7WgFRiBdZFE1CDwJoyI6iYvhIqKoqibrsIgwUkUjDCkC7UQ03IW5EfS8muTvec95/SsXE3dXQd+8HLO8/+d5zkPh1mWhf+57LlDNBr9YJqmj/je3t4eKFQcDocHdV0PSClHOzs7ty8TULDCMIzHxMlIJFKwLQpnaSP2reqAgg7iENl1T1ObLLI5IKQFYQKnPDexpRhoPNdjp3A9sSOXs+UOFBwgbhPDvepdnuKz3OZ0c4u7eQI13MUnuRDiE/GQ6F/VAQVLiHpCutQ+xFPvUKfcgM2oRFfyIPpnqiHECUlvP0K4Cgl0IkEPq70OYHdpMWZEMxbSNUjOhjA878nObxLZGu8qAd0US4KqBm8AGnNCwo+UaxrY+AQm03FfCCwJdhUSlBAHvF5vsOvCtwI7sNEIYlu2JltbSDBHdCQSCVnZ2lHLaQu6AQhaaJP7Dpy9PRiaG1ecmYXgT4vpsZC9JRST1/8KyK6RwE8obzPXUKsdh8Mo/y2ZfPkem74MI3TmoubwV2FxIKYOxruvdO9VU7Y8gUr4CfZnC2cxo3+kzoDFVzFU1B9G0efXYI+Owjn6DGW+UsVi1vn8EWaJp8TplVsoSY6haL0f2B/99w9c2gDFZGX5IwQpfIwo2+P2WRrj0PlmpIqnkXE7WLrvBdY8b0ZmcRJpqp+fU2AoGM8XUFa/p2nag1jL1LLvL9hOrOuJw1fKYVdUzE9LjE0xw4J1i+V+52AwOESCcmJgZGSkbuUS30S2tnydmLjssUP9YVhyrYbWhpi8+gtmOYLutSnwxAAAAABJRU5ErkJggg==', '52aTzw', 'magna vestibulum aliquet ultrices erat tortor sollicitudin mi sit amet lobortis sapien sapien non mi', '6278425653');
insert into users (User_ID, FirstName, LastName, Address, Telephone, Email, Photo, Password, PaymentMethod, UserCategory_ID) values ('10', 'Jervis', 'Garrad', '115 Dunning Way', '549-721-7750', 'jgarrad9@linkedin.com', 'data:image/png;base64,iVBORw0KGgoAAAANSUhEUgAAABAAAAAQCAYAAAAf8/9hAAAABGdBTUEAAK/INwWK6QAAABl0RVh0U29mdHdhcmUAQWRvYmUgSW1hZ2VSZWFkeXHJZTwAAAJ/SURBVDjLpZNfSFNRHMe/293umptu01GJMF1WQ5dRQgVl0UthYNHDiAQhChF6bdBLrz1Erz3Ug7CewqeoF0XzZVialnaXSHOYM2Ko6Szn3P2ze+/pnDMdodZLFw7n3nPP9/P7/n6/cyyEEPzPY9u5MDU1FdN1vatYLNroDDrzoWkam/sikUjnnoBEIuGhgl6v1xtxOCqgUhFME9wfdenzeTE4OHCTfu0GSJLUzsR+v7/O5XIhvZABi26aBCYxKYjAoDBVVfdOgW4eCAQCfEGWFRSpeDoxSQFmeVy6fIWnsSeA5SiKInK5XCmyYaA5fIJHJ1vRWbGrhRRmX3QSwd2CzdU4LErmFgcwskFFbBNrCrOekD7Q2eDR2b/AxSqcb7TD6e+CJ3gSv9IhJId6H5cdlGpF+GYGCLe08ujMRaUxAb9rCe7ac1j7+gWiRUNl1UG4awKesoNtAIfQyEzM353DCPkIvMF2qIt9ECss+CYlUVS0rCLnz5YBZbFRKhoDOPUEWmp1eBqvQck8g1XUYXfXY19hermQt7WfuvcmxQGsPdsnkllmKZDsKI4eWYfn8HUqfgqrXYeWC2IlPrZhyIWO1ui4VO4Cc8C6IAhCKe/V92io+Yn94avQlnohiATKej0W4+O08oXjoej4wnYbrVsOJkZGRpDP57GRjqPBR9tJ6rA4/QQmFGyu1WF5dAbPZwMIRccW/jwHHNDd3X1mbm6uo7+/fzKTfInmth44vr9F6vU7SINrmBn6CGfbA2Rl666DZNl5Gx/2HNPv37krwGpAGn6F+XQan8Q2ZFUHa3EyFos1/RNw40K13HrogO10UxDEro7KP1Zudzz6PP+36/wbU7aHpoSFkuUAAAAASUVORK5CYII=', 'ACExFKdkDIe', 'velit eu est congue elementum in hac habitasse platea dictumst morbi vestibulum velit id', '2500877140');

/*Población de datos de tabla de  categorias de usuarios*/

insert into usercategory (UserCategory_ID, CategoryType, Description, Points) values (1, 'imperdiet et commodo vulputate justo in blandit ultrices enim lorem ipsum dolor sit', 'luctus tincidunt nulla mollis molestie lorem quisque ut erat curabitur gravida nisi at nibh in hac habitasse platea', 1);
insert into usercategory (UserCategory_ID, CategoryType, Description, Points) values (2, 'justo pellentesque viverra pede ac diam cras pellentesque volutpat dui maecenas tristique est et tempus semper est', 'nisi vulputate nonummy maecenas tincidunt lacus at velit vivamus vel nulla eget eros', 2);
insert into usercategory (UserCategory_ID, CategoryType, Description, Points) values (3, 'quis tortor id nulla ultrices aliquet maecenas leo odio condimentum id luctus nec molestie sed justo pellentesque viverra pede ac', 'amet diam in magna bibendum imperdiet nullam orci pede venenatis non sodales sed tincidunt eu felis fusce posuere felis', 3);
insert into usercategory (UserCategory_ID, CategoryType, Description, Points) values (4, 'integer ac neque duis bibendum morbi non quam nec dui', 'nullam varius nulla facilisi cras non velit nec nisi vulputate nonummy maecenas tincidunt lacus at velit', 4);
insert into usercategory (UserCategory_ID, CategoryType, Description, Points) values (5, 'suspendisse potenti nullam porttitor lacus at turpis donec posuere metus vitae ipsum aliquam non mauris morbi non lectus aliquam sit', 'ut nunc vestibulum ante ipsum primis in faucibus orci luctus et ultrices posuere cubilia', 5);
insert into usercategory (UserCategory_ID, CategoryType, Description, Points) values (6, 'justo etiam pretium iaculis justo in hac habitasse platea dictumst etiam', 'sodales scelerisque mauris sit amet eros suspendisse accumsan tortor quis turpis sed ante', 6);
insert into usercategory (UserCategory_ID, CategoryType, Description, Points) values (7, 'est congue elementum in hac habitasse platea dictumst morbi vestibulum velit id pretium iaculis diam erat', 'sit amet cursus id turpis integer aliquet massa id lobortis convallis', 7);
insert into usercategory (UserCategory_ID, CategoryType, Description, Points) values (8, 'gravida nisi at nibh in hac habitasse platea dictumst aliquam augue quam', 'vitae nisl aenean lectus pellentesque eget nunc donec quis orci eget orci vehicula', 8);
insert into usercategory (UserCategory_ID, CategoryType, Description, Points) values (9, 'augue vestibulum rutrum rutrum neque aenean auctor gravida sem praesent id massa id nisl venenatis lacinia aenean sit', 'lorem vitae mattis nibh ligula nec sem duis aliquam convallis nunc proin at turpis a pede posuere', 9);
insert into usercategory (UserCategory_ID, CategoryType, Description, Points) values (10, 'vestibulum ante ipsum primis in faucibus orci luctus et ultrices posuere cubilia curae duis', 'orci eget orci vehicula condimentum curabitur in libero ut massa volutpat convallis morbi odio odio elementum eu interdum', 10);

/*Población de datos de tabla de  detalle del producto*/

insert into productdetail (ProductDetail_ID, Order_ID, Product_ID, Price, Quantity, Disccount) values (1, 1, 1, '$5.43', 1, 85);
insert into productdetail (ProductDetail_ID, Order_ID, Product_ID, Price, Quantity, Disccount) values (2, 2, 2, '$7.81', 2, 89);
insert into productdetail (ProductDetail_ID, Order_ID, Product_ID, Price, Quantity, Disccount) values (3, 3, 3, '$5.65', 3, 17);
insert into productdetail (ProductDetail_ID, Order_ID, Product_ID, Price, Quantity, Disccount) values (4, 4, 4, '$2.83', 4, 71);
insert into productdetail (ProductDetail_ID, Order_ID, Product_ID, Price, Quantity, Disccount) values (5, 5, 5, '$7.59', 5, 95);
insert into productdetail (ProductDetail_ID, Order_ID, Product_ID, Price, Quantity, Disccount) values (6, 6, 6, '$8.09', 6, 53);
insert into productdetail (ProductDetail_ID, Order_ID, Product_ID, Price, Quantity, Disccount) values (7, 7, 7, '$9.61', 7, 36);
insert into productdetail (ProductDetail_ID, Order_ID, Product_ID, Price, Quantity, Disccount) values (8, 8, 8, '$8.54', 8, 82);
insert into productdetail (ProductDetail_ID, Order_ID, Product_ID, Price, Quantity, Disccount) values (9, 9, 9, '$3.72', 9, 62);
insert into productdetail (ProductDetail_ID, Order_ID, Product_ID, Price, Quantity, Disccount) values (10, 10, 10, '$2.92', 10, 26);


/*Población de datos de tabla de producto*/

insert into products (Product_ID, ProductCategory_ID, Supplier_ID, Price, Quantity, Disccount, Image) values (1, 1, 1, '$0.25', 1, 81, 'data:image/png;base64,iVBORw0KGgoAAAANSUhEUgAAABAAAAAQCAYAAAAf8/9hAAAABGdBTUEAAK/INwWK6QAAABl0RVh0U29mdHdhcmUAQWRvYmUgSW1hZ2VSZWFkeXHJZTwAAAMUSURBVDjLbZNLaFx1HIW/O5ln6jSZJE3SJE1L+pym1aSbirXoogah1KZUIYISRerCot34orjTBsQigt2I+EAEFwouRBMogdgniUmkIMZMpulMY2eaSdqYed659/5/PxelXWjO+vBtvnMsVWWtzP78TDciH6hoVEXeih8b/n2tnvVfQGL4aLOKvqEiJxu3Hqs3lWXupkaLKvqZGvl4z8BoZk3A3Eh/QFVfUpG3o+1921riz+ITQzE7SSBUQy45xj9/T6VV5KyKfNEzeKnyAJAY6e9D9L1QrOdgy67jhGPbQR28lTlujJ1h0+4D+Go3Uy0tsZicorA0M67GnNl3Yvwna3b46FeIDDZtG7DCDXuxC8usLs1gnCJuKUvIqtLauRPsFWoe6sQXjpLPJlhMTlFeSX/nVyMv7Dh0znILyxSzY4iTJ1ReopzPkl+4xb6BTwlE1kEphZaSWPkEjW0PU9cA07/MP+dXkZJi1QXDIaINnVSW/qQ2Vk99LEKEMtg3wQTBvgWVBcq3xymmrhDechw1UvKrCAhgBQnUbScQimLnJpFijkANWOXr4FPemfiBlWqV97e0QDCEuh4qgk+NcM+DAa2Cfx3h5l6CDXHC0Vrk9nlW0z9iey4dTXFOzaaQso04HmoMfjXmnlA1IC5IGbTKmxPfg7o44uJ4HhtjO4i37qdgl3h5fpxvmx5HjeBXkYgvEAAi4N0BqYLYeOLwVPcgRgUjBkHJrC6wt+MARafCkYtDfCTtYb8auTB/4ZNDbbueJhLrAM2AcxfbczAqpO/M4YqHJy6ucclXC/RsOkjRLXPixuWgT4w5XFi49OpfI6eT6YlvMAQhuhPbs/GMR8v6TlrXb2ZjXReBmggbou1ML1zm2vWri4elfsODKU9/vr9ZRU6pkdfaHumvf/2Pr7EdB0ccbM+hq3E3j3b1MXnzCr8mzs+UPe3NDGn1f2f67Vxvtxo5rSLPb33iFauSS5GZucbJ0sXqns4nQ2OJ0SlHeCwzpM6ab7yfq2e7+1TkXUSCKvLhi3bySyM1TRUxgdyQevd7/wI8lcwGoqfWawAAAABJRU5ErkJggg==');
insert into products (Product_ID, ProductCategory_ID, Supplier_ID, Price, Quantity, Disccount, Image) values (2, 2, 2, '$8.01', 2, 75, 'data:image/png;base64,iVBORw0KGgoAAAANSUhEUgAAABAAAAAQCAYAAAAf8/9hAAAABGdBTUEAAK/INwWK6QAAABl0RVh0U29mdHdhcmUAQWRvYmUgSW1hZ2VSZWFkeXHJZTwAAAGsSURBVDjLpZIxixNRFIW/kVHQQlwEQdgUdkkgTX6BkMIi/yJY5geE/ISAZIuUSb9lgnYWNsraaOkkTSSz6MLWJhmY9+7ZIm8mCUYLvfDg8d49h3POvZEk/qdigMFgkEqqSEp6vV79b4But/shz/OXzrlkMpnU4/BeabfbzGaz2pt3NzIJAd4DAplhAm+w3W7pdDqMRqNaqcB7/3U6nTbjR095fnYfGQiQCRPogOT2yTnD4RDn3CeAqMhg8Panzs8e7AAGkpDApJLITJiJ5U3GoPMiKhUQ5HoDJMwCsLjbMUnu7ThEAHnbNQrMDBkBYCWwIHTuBIEzMC8sNO2ai7vtlQjM6XcCc4Y3lT514FnBUqHEnSJwDry30v8xyV6RBM5OWfAe7+OQegAqjPIgQEl4f1LB7qOUa2DB++E4FbIqKpJEq9VK8zyvPHz8jFedi6PED6VL4vLiNd+Tz3jvkyzL6vcAsiyr9Pt9bn8sWVyvWVxvmKdrFqtfzNM189WGZLUmSTcsv10xHo9xztV285doNptfGo2GVavVK4UF+tOJ4/h9FEUCPkrar/K/1h35Nbw8S+DdbwAAAABJRU5ErkJggg==');
insert into products (Product_ID, ProductCategory_ID, Supplier_ID, Price, Quantity, Disccount, Image) values (3, 3, 3, '$3.52', 3, 21, 'data:image/png;base64,iVBORw0KGgoAAAANSUhEUgAAABAAAAAQCAQAAAC1+jfqAAAABGdBTUEAAK/INwWK6QAAABl0RVh0U29mdHdhcmUAQWRvYmUgSW1hZ2VSZWFkeXHJZTwAAABjSURBVCjPY/zPgB8wMVCqgAVElP//x/AHDH+D4S8w/sWwl5GBgfE/MSZAQNL/31CdMHiGaBNS/yPbjIC3SHSD+3+EXoh5z4k2wfs/qt2/ofAziW7Q+v8brhsSrn+IMYFgZAEAE0hMH/VkcbsAAAAASUVORK5CYII=');
insert into products (Product_ID, ProductCategory_ID, Supplier_ID, Price, Quantity, Disccount, Image) values (4, 4, 4, '$9.33', 4, 85, 'data:image/png;base64,iVBORw0KGgoAAAANSUhEUgAAABAAAAAQCAYAAAAf8/9hAAAABGdBTUEAAK/INwWK6QAAABl0RVh0U29mdHdhcmUAQWRvYmUgSW1hZ2VSZWFkeXHJZTwAAALcSURBVDjLbZNrSFNxGIcPCJNBIAQRISRGYQWF0g27OJgQVmQFmpViZHhLaiaGeCtTQ1OW09QtS83NiR2XF0bZZZjKXNYq8kMUBX7qU30JIsM68+ldUpH64eXA4f/83ud9z/krgPJfjbVFSZkZsb5grEXDY9F4WP+C4Stm+i9GLTy/EC4QcIZnvTA1JOWG14Mw4YDRFnBdmEHNL1gcMNamY/TGMJPd8Molh61wvxbpCoPl0F8EQxdh5BoMlMDN1GGsybp/ASNWC88EDgY8rNcENIqu/m8nZ54ee6aRjnQNl4Q5csGy3zwfMNKyiSdNGpM90rFGY7AigoHSZaJbLbo+unN92DOqsR1fxo2kCK4f1FBlijqDRu3OjQqPzRa8HaJnCeoaGSgKp69gmntV0JsPPWfkeR5sh6dp2hdOvdEoIXArDapjzIrovsPXPT+bq1Avun24LyO6Km3HDDQfNoiuiiNLusb1URerp3ILYgYlUW8U0Z3FJ1tW84MvQ0R3BkcOomvw+/2JXq93o+gaiuyxZHbGQMXmEErXg/OsBKz5oojuLN52WUxmcLt6bClB3U/0mnYL/NPj8fygNSnhXHtM4LL7BCk2gUvWzo9WFvlVke1+4O4FRHdGdHWiGxfcrsm5B1N3LLn2bWS0R8+VDSSj+hsp7DtEQsNK5mq3BgNkBNtxk+hmyWLC/nw26bw8z7GDwVet3H3Z/Bvs9VuweArpelpHjnMv22tCtUBZ5FFl0a8sJdqtp2XeIHztkYmrD/K4cj+LCvcpKu9lYxuvIu32btZdUmaXgqPdbncg9eYG7jy34Jw00+Wro2OiVkLOYB2vJMuZQGS58ja8WNEvChDYo6rq9yPWNXP7GsMD8Q0rArvqw+bSO3fSOlZBhmMvEeXK1KpiJXTRZRL4gMAf7XZ72cLgzVW6bye74llbEvpeYN2St1HgNoETl9qLKH9eXRrC6ZyMg9nZ2SF/3v8CIIKyHGFPw/kAAAAASUVORK5CYII=');
insert into products (Product_ID, ProductCategory_ID, Supplier_ID, Price, Quantity, Disccount, Image) values (5, 5, 5, '$8.23', 5, 66, 'data:image/png;base64,iVBORw0KGgoAAAANSUhEUgAAABAAAAAQCAYAAAAf8/9hAAAABGdBTUEAAK/INwWK6QAAABl0RVh0U29mdHdhcmUAQWRvYmUgSW1hZ2VSZWFkeXHJZTwAAALBSURBVDjLbVNLSFRRGP7uw3lpw5TaNCZ5R6eEhIhahBFRoIsetEgJImhRUBQTUpCLFhK5dN8ycDESLSqCULLoSVZYDZYDTo7TOCTJTOk4zeu+Tv+5OjZWB37uOf/5/+9833fOFRhjqBxDQ0M1pmleNQyjnWIDBSh+Uozpuj7Q09Pzq7JeqAQIhUI7qfluQ0OD3+12QxRF0BrFYhGpVApxGgR0vLe3N/wPADXX0ObHlpaWgKqqSCaTyOVy/HTIsgyv12vVRSKRacrt6OvrK/C1WEai5AWfzxfQNA3RaHQmm80qNLfx4POpqak5DkzsAiQlWO6TyxNKtrtcLsRiMVDT0WAwmKiQmujv7+9IJBIRRVGs2v8B1HPNdBqfx/HX4DnOjtcQ2/o1Hsy+OsPGYq2YzzgtzcfaxiExDczQwfTl0DQDg+FdlqlexwKObB5H67kPwjIDAunuOgiBLBEkJ30PAaZA/Bx8kwzSYOhZ3OjMUV6zWqZvv/4jgZ/EC/X0Hcj2OghCDRVWAU4PpU0gn4Gx9AVq4RtMPQ+nPwimlioAiCJMfpKKxcn3pLManu17kRwZoP6N2LK/E/H7z5GemEExnYFc/xZ2zxoAzZLBiKqndRtEWx25Y8IoGfiUdkJ8+gbqoozdp6/B7m9DYeIRIi9HMdpRdcl6B4zcZcywtC58DhOLd/RCdJhFE6VCCfGRxwgc6IYj9gzC4Em4Zu5BaaoFE9hluQzAtTKS4NmqQHLVEoCK5lPn0azpeHJiGI5NfuDwldVrla/7IJmCsgKgkgcmGcQ9mCSAdYCDjJRtlNchue3Ihx+i+sFFYvQdeerJLkkwJMytAnAJ9sazcDZJEGz25SsU6SZMA81ddYi8GEbjeidkqQrZlI6v8wLdG7tpPaTorT2MG2l5YT0cbSX01a/6Q0ZmdgGgX4g5GBwehn0hQ/gNd0qgkPVltHcAAAAASUVORK5CYII=');
insert into products (Product_ID, ProductCategory_ID, Supplier_ID, Price, Quantity, Disccount, Image) values (6, 6, 6, '$3.32', 6, 91, 'data:image/png;base64,iVBORw0KGgoAAAANSUhEUgAAABAAAAAQCAYAAAAf8/9hAAAABGdBTUEAAK/INwWK6QAAABl0RVh0U29mdHdhcmUAQWRvYmUgSW1hZ2VSZWFkeXHJZTwAAAJvSURBVDjLpZM5aFRRGIW/+2bmZYzJTEzMuCbRGIjRiAsYEIKNIoIiWGgluCCChZ3aCyJqK6hFxMLCpbKxERE3DIpFEgtjonGJYSYzMcYsb7nvvvtbTMC9yil/OB8/nHOUiDAXOcxRcwYkAQbube5JZ9asUepXnhBOvR+OzcQWIPzNpQCYad392iQBlDirGzqvp5RSIGUzSmGCsebRnjPDMnsFSLgZkTgqTucfngLuJAEwEmB1RVi4QqwT4GRQqpr00m0s7bjgIgJYvPwjvjy5SaJqXaM/tvB23+X2dBkQKUesJtYuYgXrfyaaGWW6+IhUeglIhJkZxPjLWbzuANmVG5n40Er//a6LZYCStDU+2gPRM0RTk1SvPki6rg1Q+IX7SFKRWb6R8fdvcJWmOrOYqrrG7OwHDsl5OWrajgIWRBAsVo/gDXdhojTZ5p2E+Vu4lYpPPf2Y0Bff89fPAkQkDrBeHxJ/R+IpxEzgjfUiUkW2ZRfByFUc15CqamK+/YhHKWo/0T1Qzi1ExBpsVMLqElaPUhh4RuBXkm3ZQzByBScVoSdXUHrSTW3nIRwT259F0iKKGDHjiPlK8d1LPL+O3Npd6EIXCVcIJ5soPe2mZm2eivoGML8USbT9ZryvldG0Wz3UN+gkKpZhVI7860ssyLkE4w18e/GK2g2rSKRbiYNARNvwJyAILw5d3duBsL3fydXvO36Nt7dOMvD0ORWN67GlflmYMrr4uCAIoJ5prNwoB/jHGs8ea49OHzmexInpeXCXTx8Gp7P1tZ07zvX2/msLfwH2b631NzUvSna0rURS4XO/WDq8+3zf0P/G9AOyUDsBCTaamwAAAABJRU5ErkJggg==');
insert into products (Product_ID, ProductCategory_ID, Supplier_ID, Price, Quantity, Disccount, Image) values (7, 7, 7, '$1.42', 7, 19, 'data:image/png;base64,iVBORw0KGgoAAAANSUhEUgAAABAAAAAQCAYAAAAf8/9hAAAABGdBTUEAAK/INwWK6QAAABl0RVh0U29mdHdhcmUAQWRvYmUgSW1hZ2VSZWFkeXHJZTwAAAIsSURBVDjLpZPNbhJRFMf/w9fwNUiVlZWPncSmqemm7FjZaGJcsdCkS17AJ8AH6BvU6BKfgFIXLqArTQngSoPUDSGEhAUCLQN3xnPOMLSJGBdOcnK45J7f+Z//vVezbRv/8/luLxqNxvvlcnm0WCx8lEFZwjRNzh8KhcKrjYBWq3WHCt7G4/GCrocxpyJYFkQbKdzaiuPs7PQlrf4ENJvNp1ycSCS2I5EILn/2wN0ty4ZlWwSyoQg2n883j0CbT1OplCyurq6xoOKvrQsCWOt4cvhMxtgI4BkDgQDG47HTWSk82nks3e1Vdzb6rwqYrKiIN/GBsPRW8wtlJd35ixl5JJNJVKvVIf0XpP0/KH+kfCIKHK9sATFgZ3dfuosH9gJGNIx8Po9oNJrweDyYTqd7g8Fgr91uv/C4szkKWDJBlDP70LjEtZoik8lA1/W1bB6ZFVHDhwJYF6sb4xj07tsJzKUp3vR6PQyHQ/T7fVBnuR+s2MPmuLeRJcvxWU5+fe8NQlpYOrJ0PubRaIRgMIhYLCYAMZE3eL1eZ27FrhOAVdEathK4O6rrGX+sjBV8rtfrmEwmMAwDwZBON1ATkFoZ627m36trfQMoFosHnU7neaVSuTg/r0EPaMikHyCV2kY6eZ/tFfmscjabwe/3IxQKCYDH126/xlKpdEj0Y4pd9zFls1nkcjmk0+m1F6yi2+2iVqt91/71nMvlcoCkFymOKO4S2EedfxHkE8Xxb6/5rMKMZgtBAAAAAElFTkSuQmCC');
insert into products (Product_ID, ProductCategory_ID, Supplier_ID, Price, Quantity, Disccount, Image) values (8, 8, 8, '$3.01', 8, 11, 'data:image/png;base64,iVBORw0KGgoAAAANSUhEUgAAABAAAAAQCAYAAAAf8/9hAAAABGdBTUEAAK/INwWK6QAAABl0RVh0U29mdHdhcmUAQWRvYmUgSW1hZ2VSZWFkeXHJZTwAAAJzSURBVDjLpZNLbxJRFMf7AfwEfA5YunTDTnwk3RlfMWFj4qKpKyfV2EVjhMwAUUyb1gYqCdWgQmqkRToFaRoLBcoUEGiB8hoQpgzPcpxzgREfO2/y39yc/++87p0CgKlJXTKCQpJKklrS9Ejq0Z3iz/hJ4wVJyofrda1954Tx78fZg8ghHwpH+e29GPvGk2JmbFUtxmDsb4CR+aLVm6dCh0muUKmDIHahdz4gajQ7kCtWwbcX5hY3khTGjiFjgBLN4dh3odXuAR6x04eq0AVe0lm7T+4EsQPbgaBgdh4hREkA2BeWjZnHZsduCYo/OlCoDZWvtSFXbcuQjU0fd3+1gO0oEKCys8cMlo2nXO/A1SdeeBcoymbNnAfuGiOkGjyx1CnQNj+DXgSofd+OWOwZS0XTlcdeSR5Y9xchy7ckwBYBVBpdqDd7UKqJsLT2nkUvAqaDBxEeh4UBCMCMqOvzfmCcGdBQW3DHECbVnVRa0Omdw6pljUcvAeyHwgSAAdgrmq893SGZDa5juPzIDbeZISBTbklVdGFp+bUMUH/ZjbI1oQ0NsUcyELOUFStKFUUJ8JkAcLC4mXi2BrTZIregsrgTTCZXgcEASAYN5SbmZEEkQvNNOkza6/YHsPk1CpTpozxExQNrWev2Bji+3pI3gcbEaRPi+aa8TjQnpOz6FyvcLVN8uMbxQ6LfhijHJ69QqJ6RSmpnPVJNuiSS9aE5nq2CzmwVZmnnr4c0+ZQXLAFqxebg/MEEZAp1MhPsOZrmweUNwQK9yM3oP/z9lCc/071Xae3cSxfzzLjM0gYT/1zP8PM6MzurszM3mNi/P9P/fOefb4UIeuRftTUAAAAASUVORK5CYII=');
insert into products (Product_ID, ProductCategory_ID, Supplier_ID, Price, Quantity, Disccount, Image) values (9, 9, 9, '$0.27', 9, 35, 'data:image/png;base64,iVBORw0KGgoAAAANSUhEUgAAABAAAAAQCAYAAAAf8/9hAAAABGdBTUEAAK/INwWK6QAAABl0RVh0U29mdHdhcmUAQWRvYmUgSW1hZ2VSZWFkeXHJZTwAAAJySURBVDjLjVJNa1NBFD3vvXxhWprShrSxbTbGYEs2hUoXBaELaTaCICEQJd2Im+JfcF2EUgT/gH8gKymIttkIIlRS3dgs4kfSpMFUmqRJXvI+xnsnJiZ2oZc3794Zzpx7zswoQggcHx8L27bBw7IsOUzTHOThYRjGIMfjccUBCgYGg3M4r9cBIkTvk7WQSQxqzpOTPuztveQZBgTntRoeP3uL/4mnj1bQ7Xb/ELCkHj0wN7+AsSsuzPu98Lgd0A0Bw7RhWNSIMO/eZyFsgU6nI/Eq/9iPlEmhKApauonTcx2tjiUdmbSzSyQds4fhtREFTGD39REBkzRaJmzRgc/rhMOhQaWu4jeBLezLBHQNvf1DJO2uha5hw0uWNE2FqvR6MPYSAYYs8JAkDGZLZEVRRW9dKvjLAk9UTR4Hvn398s9b0MhSn0Dhw0un02Jl5SbqjQbabZ0e1mcUC9/h9/tRLp/iWvg6Qgsh7O+/xsxMANXqGYrFArLZ7FhfwU4mc3BL13Xl6OjoajgcDqRSKTSbTQIWkclkGp8+Zp3JZNLtcrmUcrmMw0MX8vn8E6V/fRzLy8t31tfXXyQ3Nyee7+6eVSqVqdnZWUSjUfCmarWKUqlkjY+Pv9ra2oqR8po67M3tdt+eoOD6/oPUFD+WRCKBtbU1xGIxbGxs4OLiok1xjzEEdTuGCXw+H6irrDMHb2Te3t6G1+uVNVtSVdWjaVqa5ycnJ/qIhcXFxRtLS0sfVldXPcFgEB6PRxLmcjlWh1AohEAgwE//Z6FQUOlsTkcIIpGIRp6j1DFNBH7apPFzJ+8PueH09DR3dpI1i87iBym6+wuQ3GjC/VvaWwAAAABJRU5ErkJggg==');
insert into products (Product_ID, ProductCategory_ID, Supplier_ID, Price, Quantity, Disccount, Image) values (10, 10, 10, '$1.26', 10, 35, 'data:image/png;base64,iVBORw0KGgoAAAANSUhEUgAAABAAAAAQCAQAAAC1+jfqAAAABGdBTUEAAK/INwWK6QAAABl0RVh0U29mdHdhcmUAQWRvYmUgSW1hZ2VSZWFkeXHJZTwAAAFDSURBVCjPfdBLSkIBFIfxM3Aj7sCho9yKi3AJdwUiYk/LTMyyuohZYmKZkD0uptUlDSt8BWVmPuB2ka+BYdog/sPvNzgcQf6fIDlL1nHiygTS+VQzaRwaiWY8Hwuorh3HtgURJKtcUkJHR+cOHZ1bNHLsE1EQQY7p06RMEY0LLtAoUaZFhzCIIBnjkR4fdHinzQvPPFCjh0bIQARJz6XMMj06vNLkkXuqfKKxYa7PIYIgSfuBqdOjxQNFbulO8g9A4vaYeUOXa7SZPAGIat81C7zR5WoqTwEkat8afdFnY/SbZwCyGS1zTiD455PjbVnDztBllVNWcyvOJesM2LZF8ntkSFAngUoMP7681zYBkfYNBgMaNKjzwgCDIzytCQgrKmdUqDFkyBMF9lnArUzdELStKf7scmWReXxVb9ajuG3j8g3ex2UlnmJ3nQAAAABJRU5ErkJggg==');

/*Población de datos de tabla de producto*/

insert into productcategory (ProductCategory_ID, CategoryType, Description, Image) values (1, 'ligula nec sem duis aliquam convallis nunc proin at turpis', 'congue vivamus metus arcu adipiscing molestie hendrerit at vulputate vitae nisl aenean lectus pellentesque eget nunc donec', 'data:image/png;base64,iVBORw0KGgoAAAANSUhEUgAAABAAAAAQCAYAAAAf8/9hAAAABGdBTUEAAK/INwWK6QAAABl0RVh0U29mdHdhcmUAQWRvYmUgSW1hZ2VSZWFkeXHJZTwAAAJMSURBVDjL3ZJfaJJRGMaFYBdF910XSSukaRdFF7Mxkpozc0UI1UXksNQ7V0O0QocshElqTYL4ilhjzE0oahT4ZToHFWUb5Za5zyWNsk3dYNvxX/R0zgJZsHXTXQdezuE9z/N73/dwRABE/xKi/wjQ2Ni4xWAwXHI6nQWO42Cz2TImk2k/jW30LLAcu2Mapv0DIJPJ6lpbW10ejwfZbBaCICASicBut6etVms0mUyWWC4Wi4FpmJZ5agCpVHrMbDYvJhKJglarHVEqlT/a29vh9XphsVjg7jqP8APtzws6bWhgYCDDtMyztgOXw+Eo+nw+vVqt3iyXy5d4nkc8HsdoNITEUz3yqQAmH53yMA3TMk8NIJFILur1+oXe3t6Otra2Z01NTRWFQgGNRoNbXScwP9WH6vI0JgKa6jBn8zAt89QA9XSpVKqpnp6ehcHBwXwwGITf74fDZsJ44CRK849R+upGQXiC8N0zleNq1UfmqQHEYvEm2nZDS0vLjE6nWzYajUWTyVgO31GP5ZJDKH1xIHp9Hyr5IcS5ZvTbD5mZ56//4H3/0SMzvBXlufsg0+cQ7ZaimOnEYnoEr28enHzlObB1Q8D4vcN177jmNwv04YqfO7DySfs7UmfpKDeQiXgx5pJd3RDw9rbcmIm6Uc76V6uvpE7TEWSrO0kbQL49RLRL8j1i37N7XQBtb5bkBJQLPEpz9A3mAmtiGNWlD5h92YfnVnFgXQBtLxfrbiCjzr2EViK0EnlxrZ6Er+wi1ER4y07Cd+4gocvbR38Bt2OvTVFKHBsAAAAASUVORK5CYII=');
insert into productcategory (ProductCategory_ID, CategoryType, Description, Image) values (2, 'porttitor pede justo eu massa donec dapibus duis at velit eu est congue elementum in hac habitasse platea', 'sit amet nulla quisque arcu libero rutrum ac lobortis vel dapibus', 'data:image/png;base64,iVBORw0KGgoAAAANSUhEUgAAABAAAAAQCAYAAAAf8/9hAAAABGdBTUEAAK/INwWK6QAAABl0RVh0U29mdHdhcmUAQWRvYmUgSW1hZ2VSZWFkeXHJZTwAAAIhSURBVDjLlZPrThNRFIWJicmJz6BWiYbIkYDEG0JbBiitDQgm0PuFXqSAtKXtpE2hNuoPTXwSnwtExd6w0pl2OtPlrphKLSXhx07OZM769qy19wwAGLhM1ddC184+d18QMzoq3lfsD3LZ7Y3XbE5DL6Atzuyilc5Ciyd7IHVfgNcDYTQ2tvDr5crn6uLSvX+Av2Lk36FFpSVENDe3OxDZu8apO5rROJDLo30+Nlvj5RnTlVNAKs1aCVFr7b4BPn6Cls21AWgEQlz2+Dl1h7IdA+i97A/geP65WhbmrnZZ0GIJpr6OqZqYAd5/gJpKox4Mg7pD2YoC2b0/54rJQuJZdm6Izcgma4TW1WZ0h+y8BfbyJMwBmSxkjw+VObNanp5h/adwGhaTXF4NWbLj9gEONyCmUZmd10pGgf1/vwcgOT3tUQE0DdicwIod2EmSbwsKE1P8QoDkcHPJ5YESjgBJkYQpIEZ2KEB51Y6y3ojvY+P8XEDN7uKS0w0ltA7QGCWHCxSWWpwyaCeLy0BkA7UXyyg8fIzDoWHeBaDN4tQdSvAVdU1Aok+nsNTipIEVnkywo/FHatVkBoIhnFisOBoZxcGtQd4B0GYJNZsDSiAEadUBCkstPtN3Avs2Msa+Dt9XfxoFSNYF/Bh9gP0bOqHLAm2WUF1YQskwrVFYPWkf3h1iXwbvqGfFPSGW9Eah8HSS9fuZDnS32f71m8KFY7xs/QZyu6TH2+2+FAAAAABJRU5ErkJggg==');
insert into productcategory (ProductCategory_ID, CategoryType, Description, Image) values (3, 'eu interdum eu tincidunt in leo maecenas pulvinar lobortis est phasellus sit amet erat nulla tempus vivamus in', 'porttitor id consequat in consequat ut nulla sed accumsan felis ut at dolor', 'data:image/png;base64,iVBORw0KGgoAAAANSUhEUgAAABAAAAAQCAYAAAAf8/9hAAAABGdBTUEAAK/INwWK6QAAABl0RVh0U29mdHdhcmUAQWRvYmUgSW1hZ2VSZWFkeXHJZTwAAAJ1SURBVDjLpZPvSxNhAMf9M+pF4AuV1DU3cBvoLLexzbWJbdEGuWRnm256m9MCxQwdBFppi2QQVBLWu8owYuipCPmjYIqnnVMWsjWpF1mvoksH7ttzvrD09FUHD8/d8Xw+99z3e5cDIOd/xv5Ja2sr19LS8tPv928ct9hms8Wrq6t3TCbTmkhA4G2aph/5fD44HI4jB4FRVVU1oNPpVkUCAoPAPzweT4ZmvvDXJ7/zgbEt3hvd4hdjPfy3tR7eaDRmtFrtQkVFBUQCr9e7TOBbFEVxyulu+OY2EHwHNE4DL2Mj2El5odFo4mq1mlapVKxI4Ha7ky6Xa8bpdLL62RpIGDNcU+uoZwDPOHBz4hPKy8tXlErljFwuT4oEBE4QeJi865IzVoPONQealrWoex/EhbEozo3EQGCWwMMSiSQhEtTW1nIEDpGkF4fSbXi+2YWnmx2IpK4i8vkyBtOXIJPJ2OLi4lBBQQEnEtjt9rTVamVJFse2UFRUxOfn57O5ublpkYDAnMViCZGkFwLz22j/ALTNAfQssLT+EK+nOtEctu823KuBvfvsrqlD2nVAYDabEwaDYZgkvXS4hTuvuhF6QeEtFwH7lUF4ogmO8Bmomk/27wv0en2ysrJyhiQtauHK7fMY/Xgfo/EHQv/on/QgPNkoCH7vCwjMEpgmSa8ebsFyQ44o9xj/Hm9WIoLg73deVlYGhUIxT5L+9SQZyD5LtWeHUteygxt1WXXwFO4y9ehlXHtw77hLvIPS0tJMSUkJRSSi9A2UChf7T2OAce89WZiF6wMZSKXS9cLCwkxeXt7CUX8iWdynaDyxK2xb0bA39wn3/wBLOHSjT9MDogAAAABJRU5ErkJggg==');
insert into productcategory (ProductCategory_ID, CategoryType, Description, Image) values (4, 'ridiculus mus vivamus vestibulum sagittis sapien cum sociis natoque penatibus et magnis dis parturient montes nascetur ridiculus', 'arcu sed augue aliquam erat volutpat in congue etiam justo etiam pretium iaculis justo in hac habitasse platea dictumst', 'data:image/png;base64,iVBORw0KGgoAAAANSUhEUgAAABAAAAAQCAYAAAAf8/9hAAAABGdBTUEAAK/INwWK6QAAABl0RVh0U29mdHdhcmUAQWRvYmUgSW1hZ2VSZWFkeXHJZTwAAALjSURBVDjLfZNfSN11FMA/3/v7ea/36prXWWirTZdlKtiC6CGi4BLVCqJB2/BFNmKMfInVQw8RK4lVD/VoEL2UWL0Za8HQJHNL5ya17lZz4aItXb957/V6r9v13t/3z+nBNBm0A4dzXs7n/FciAsCz747LgRdambyyiDOCtQ5rHc46jHE8ft8W+gd/Yrr/JcUG8dccZy3OCUb/G2hWrTWraoxgjeVWiaw569m0xYSW9qrT9NxxFB1atLarwNsBnLHcLGnu3hRDh5ZU4mseqb9Mo8xw7+Y4N0oVrL1tBbbv7PnrNMR8OpNFdkTTROpTPFU7yl01UaZ+nsMZ2/e/gPEPdh258Humbyod8Gjie/ymPUTqHqMzMsKZc1c4fynouzi4/8itABWe2hYX8drEiecE3vqx59ChrhMHt3UdhEiU8OpXDJz0vtnXkX5HJIJzgtWlTNOehasAqjLWOCeJ9q0iICKIEyLJJyCxHdF5RBfQuTS2tICgcFoTLv9JuJjtaXlFBnyTC3pdEAx6Hb21/tZuJAxwYR6ns2BLoBxVd+4k6m/CGU1h+gvy09ljxBgCUCJCYUC1Osvx6IO727x7XkTC64i5ibgSYldAeQTfTRP88AuVpbJYT+aA/qeHzftq7RLzX6paB5/HH3pjt4rV40wesSVwZTKT8yxfyvJAai+xlk5W0sP8dnLE5mcuHl7fQrJbbqh4zYguzCIKEIdCgVj+Gp3k/tReqi+PoT7rJvHHEM3bt3ii5LC/cSVC9fNVyZ0o5eOMQS9dI9rQjM4WqW5sgede++8H3m7Cc6p5HZAbaog7IeXVdVA48yG5iYlZFKdq2lr3e3UJSue+peZYL5WVgBKwXPSwHtc2XKJ5UtXuiGeOv05mbOITo3m4/T05sDQzu6u6nuVfT4/zdzlO0asiv6iYnVdWoH99iPOfqpfLC7xZztLb+ZGc2Nja1KtqcyWTHC3nil2eUb71ZF7g42eGzdF/AONCmjwFNk4lAAAAAElFTkSuQmCC');
insert into productcategory (ProductCategory_ID, CategoryType, Description, Image) values (5, 'nibh fusce lacus purus aliquet at feugiat non pretium quis lectus suspendisse potenti in eleifend quam a odio', 'nisi at nibh in hac habitasse platea dictumst aliquam augue quam sollicitudin vitae consectetuer eget rutrum at lorem integer', 'data:image/png;base64,iVBORw0KGgoAAAANSUhEUgAAABAAAAAQCAYAAAAf8/9hAAAABGdBTUEAAK/INwWK6QAAABl0RVh0U29mdHdhcmUAQWRvYmUgSW1hZ2VSZWFkeXHJZTwAAAJISURBVDjLpZPfa1JhGMftuqvC41l1Hf0JrTtvuyropp8QOdCFWYJgoNC0yOwiiTFtYGCIhBXTs61yc7ZdzAhHiLpTFi21+fP4Y66ZLld9e1/rCIdVBLt4eJ/n8H6+3+9zDkcGQLaTkgzt+YEDYt+KsI/Efj3M7v4vgdaLgeMEbG/Msfs+h1nQZ83ZX+c/BQh0aCPCCrSn4Pos++NL8gzWZtj3jZCiJ1B7pghXnyp2/TUBiVmjbhTcKo+ju3ob3cJdEEgQphWoTCkm/5iAgCoKErexzoer+Jq7ic7bi+jwF7D5Tofup1toLp1AiWNUxSBzuBBg9mxLQGKyjchB4jhK4GF0ls+jkzqHdvIUmYfQyV5HPsB8W52Qn96WgOx2jMRstJaHifuN3/BZAp9E5fUV8C/HsBDh8Jx7sDX15F7Q5/MpJQJkv71kP2V5klnr5u9g880Q2gkKX8arhYfIZDKo1WqoVqtIp9Pw3HfxLpdLKVmhyDHXCkEGwpIKmZQPsUUO85Fp5HI5NBoNCIKASqWCer2OZDIJh8MxLhHITzCj9EzNXMLKykrPkV6mZ7lcRqlU6hXtqaDNZvtusVg8JpNpsL9L9rH86OKctx+XOoogrWKx2CtRJBaLwWAwePoCH/3yI6FQiKewKECj06KQWGISaqTT6ZqST8Jx3AjdkV6gbqlUColEou8ej8d7MzWIRqPQaDQeiYDf79/v9XpH3G4373Q6efKyPHa73Wu1WrNmszlrNBoDer0+pNVqm2q12qNSqQZlO/2dfwL4RvrQAqV2MgAAAABJRU5ErkJggg==');
insert into productcategory (ProductCategory_ID, CategoryType, Description, Image) values (6, 'eget vulputate ut ultrices vel augue vestibulum ante ipsum primis in faucibus orci luctus et ultrices posuere cubilia curae', 'tempus semper est quam pharetra magna ac consequat metus sapien ut nunc', 'data:image/png;base64,iVBORw0KGgoAAAANSUhEUgAAABAAAAAQCAYAAAAf8/9hAAAABGdBTUEAAK/INwWK6QAAABl0RVh0U29mdHdhcmUAQWRvYmUgSW1hZ2VSZWFkeXHJZTwAAAIWSURBVDjLjZNPSBRRHMf32rVTdFOsDkJEhODNLGqXukgJpmiEURBGdEnbskNktrhCRQuaLEEikUhlbK5EiZmxjbWwfxvL0dHdtdlCx3VtZxyaed/eG5qwZct98DnM4/f9vN/M+40NgK1Y5p7tPTY9UIeZ4Q6EvIcQ9pQ3FR1O+kvqpbFWZCI+YG0RK5EhBNz2dFHhxIvSWjl+TdOSzyGNd0GJPoE+P4nogzPqpuGUv8wux64ahjIJZbYFy1Pnwfc3I9LXuDR1t2bnf8PC0xKHHL0MQw0gJ5yEmmhA9pMTYm9VOth9cA+rsdV1jm6lDFA0Cizabl6H9KH1d7gJ6kI9VmNXIHiqs5/dFfusQ5hg+PGbL/ipG7CWxPvAv7wEQ5mAKjZjPdGIDO2E9xwmgS7Hjo1dMoFuEIKMQvAtS8C9eoT4iBNh/22kuFrkxAYsh9ow661Bp9fHuqv4S9DiGTdPTa8SfM0QDLoOANl5TN8/jjHndrzrceCt2w71uwDXYJAJjhQULNJwQia4cXY3tMA9aNwdcB37MXRuF4Ih3qwpKLBegbUvLhGcqN6GW6fK8dp1FBP9F/AxvoBwSjcF7Q/fM0FlvsD8iEyycbFuQknDFLPl40QWnqFsyRdY16hbV+gdjf8Rraytm890P0opy5+VggNECwVJzllBldL+r2ErFO7uHYmx4A/Kxc1GPT9cSpmjnC72L/0FRS76cD+dhSEAAAAASUVORK5CYII=');
insert into productcategory (ProductCategory_ID, CategoryType, Description, Image) values (7, 'hac habitasse platea dictumst aliquam augue quam sollicitudin vitae consectetuer', 'aliquam sit amet diam in magna bibendum imperdiet nullam orci pede venenatis', 'data:image/png;base64,iVBORw0KGgoAAAANSUhEUgAAABAAAAAQCAYAAAAf8/9hAAAABGdBTUEAAK/INwWK6QAAABl0RVh0U29mdHdhcmUAQWRvYmUgSW1hZ2VSZWFkeXHJZTwAAAI5SURBVDjLpVM7i1pREJ7rYxXFiKjxVYhIMBhMbWGbIk0wasCsCCkD1vkR5gcEmxSpsrLIxVaQCKYQRAW1kgTxrVEUn7i+bmYO3MUlkRQ5MJwzc2e++Wb4LicIAvzPkZ072WxWgYCv0N6eTqeneD9Bw+epjvcPvD+jZf1+/1Gs4UQGWOzG91ej0fjcbDaDWq0GlUoF9H0+n8NyuYR2uw3j8fg7xsLBYLDHCimBLJPJfGu1WtROuHT2+71QqVSEZDL5RayTiFTQeWYymf45s81mA2zy8o8dYJAhjkYjUCqVoFAoQC6Xs9hms4HpdAq9Xg+cTifLvQggk8lgNpvBdrtl/uFwgMViAXd3d+wbxf4KIM4klUoZA0omw7kZiLhsKj4ej5cZULJYxHEcSxZjEonkMgMRgOYtFArQ6XRAr9eznbjdbpZTq9Wg2WzCcDg0xGKxD/V6/dMDgN1uB+l0mvnRaBTW6zV0u10GSOChUIgtdjAYcKVS6SPqwngvpFQq9QuFY8zn8/Dm+hpSNzdQrVaBROXxeKgIJpMJdQer1brDBlc8z8/vGdCsxWIRNBoN8wOBAPPD4TDodDpYrVakQkgkEuBwOBaYYtBqtYrzEd6hZHlc1hX5NAqxi8fjTNZ0aCRqVC6Xf/p8PgPqYsud/42RSOQFbvzW6/U+QsVxNC8tsdFoMGHZ7XYgtWLOFJcsyeVywwcALpdLarFYPNiRxzkfYxEx5FCF75Fhy2Aw8OjLUVTHfr8/RkavfwO7WaXhrjM2EgAAAABJRU5ErkJggg==');
insert into productcategory (ProductCategory_ID, CategoryType, Description, Image) values (8, 'quam sapien varius ut blandit non interdum in ante vestibulum ante ipsum primis in faucibus orci luctus et ultrices', 'eu orci mauris lacinia sapien quis libero nullam sit amet turpis elementum', 'data:image/png;base64,iVBORw0KGgoAAAANSUhEUgAAABAAAAAQCAYAAAAf8/9hAAAABGdBTUEAAK/INwWK6QAAABl0RVh0U29mdHdhcmUAQWRvYmUgSW1hZ2VSZWFkeXHJZTwAAAInSURBVDjLpVPLahNRGP5mcrWZhGgaLEwtJFJJqQEXgoKIkKBkKfoAeYKA4M7S4kLyDF34AF4eIIOQMC7sooqbECExImnSGgwqTTtmcubm+Y9MSAWh0AM//7l9l/9cJM/zcJYm44wt6Hfa7XbdcZwCD9i2DcuyZsEYm8V0OqXcKJfLRcJJVAIH3wmHw3o6nRab/m3zZYZCIei6jl6vV6xUKg3hgCtuJZNJDIdDRCKRGWgeSP3BYIBEIoFMJkOiG3y6ITWbTaGeSqUwHo9P2KVSCChJEgKBgFCPx+OIxWLQNA3dbrcYJHWyTrXSpmg0KsJXn3dC2XVdmKaJfD6PVqu1ESQlwzAwGo3EAfmb6DAp+2PtZxUTy0Ap+QSR0DkoiiJcEkGB2GlAIF6SsCzL8gkHE2WK5fQaXu1v4uHiU6iqSphCkFSpVgoioCCCL6nXXJlfoWuD8TX1/CrWlm7gyDTwvP8Im+pLUbYg8IFkNZfLidz9xXB3vQzH4+W4fA0eDg77yC/fwjGb4PHbEq449/8S0A0QgW+XwhwxAe79+AyLu7C5G8uxMJ4e4dql2zi2fmN38gJBfqJarVYrzb0ykc20CduxcTGxwsGOIPt2uIcLyhI+9t9ht/Meq8PijvS/z/RgO+ua9B5cBtNmuLy4Lt3M3sOHvR3UO2+GzEbxoOp9kk77G68+k43rK4UFvVPfZ64At2d/4TQtuyUZjhtYmLhO9nvV++rP/wHfnZcUJl+kcgAAAABJRU5ErkJggg==');
insert into productcategory (ProductCategory_ID, CategoryType, Description, Image) values (9, 'sed ante vivamus tortor duis mattis egestas metus aenean fermentum donec ut mauris eget massa tempor', 'pretium iaculis diam erat fermentum justo nec condimentum neque sapien placerat ante nulla justo aliquam', 'data:image/png;base64,iVBORw0KGgoAAAANSUhEUgAAABAAAAAQCAYAAAAf8/9hAAAABGdBTUEAAK/INwWK6QAAABl0RVh0U29mdHdhcmUAQWRvYmUgSW1hZ2VSZWFkeXHJZTwAAAJ/SURBVDjLpZNfSFNRHMe/293umptu01GJMF1WQ5dRQgVl0UthYNHDiAQhChF6bdBLrz1Erz3Ug7CewqeoF0XzZVialnaXSHOYM2Ko6Szn3P2ze+/pnDMdodZLFw7n3nPP9/P7/n6/cyyEEPzPY9u5MDU1FdN1vatYLNroDDrzoWkam/sikUjnnoBEIuGhgl6v1xtxOCqgUhFME9wfdenzeTE4OHCTfu0GSJLUzsR+v7/O5XIhvZABi26aBCYxKYjAoDBVVfdOgW4eCAQCfEGWFRSpeDoxSQFmeVy6fIWnsSeA5SiKInK5XCmyYaA5fIJHJ1vRWbGrhRRmX3QSwd2CzdU4LErmFgcwskFFbBNrCrOekD7Q2eDR2b/AxSqcb7TD6e+CJ3gSv9IhJId6H5cdlGpF+GYGCLe08ujMRaUxAb9rCe7ac1j7+gWiRUNl1UG4awKesoNtAIfQyEzM353DCPkIvMF2qIt9ECss+CYlUVS0rCLnz5YBZbFRKhoDOPUEWmp1eBqvQck8g1XUYXfXY19hermQt7WfuvcmxQGsPdsnkllmKZDsKI4eWYfn8HUqfgqrXYeWC2IlPrZhyIWO1ui4VO4Cc8C6IAhCKe/V92io+Yn94avQlnohiATKej0W4+O08oXjoej4wnYbrVsOJkZGRpDP57GRjqPBR9tJ6rA4/QQmFGyu1WF5dAbPZwMIRccW/jwHHNDd3X1mbm6uo7+/fzKTfInmth44vr9F6vU7SINrmBn6CGfbA2Rl666DZNl5Gx/2HNPv37krwGpAGn6F+XQan8Q2ZFUHa3EyFos1/RNw40K13HrogO10UxDEro7KP1Zudzz6PP+36/wbU7aHpoSFkuUAAAAASUVORK5CYII=');
insert into productcategory (ProductCategory_ID, CategoryType, Description, Image) values (10, 'id lobortis convallis tortor risus dapibus augue vel accumsan tellus nisi eu', 'eu tincidunt in leo maecenas pulvinar lobortis est phasellus sit amet erat nulla tempus vivamus in felis', 'data:image/png;base64,iVBORw0KGgoAAAANSUhEUgAAABAAAAAQCAYAAAAf8/9hAAAABGdBTUEAAK/INwWK6QAAABl0RVh0U29mdHdhcmUAQWRvYmUgSW1hZ2VSZWFkeXHJZTwAAAJRSURBVBgZBcExiJZlHADw3/O+732enKYdQVeklWBeoSBFtmgNNrRcQ9DSFBQZDU4OEYSNbQUtCg5FEAUpDdXSUliBQRBEBBXeVuFZnvKd1/e9z/P/9/uVzATnX37wEfwCAICbpy6s7wUAACjnXnrgUbyFtV3Ld3vhjbO2rv8Alu465sOzr9veugUf4dKpC+sXAWDApWdeObNv+Z57/fPV+zJTm22BzHTiyD5LR0/KzLXPzr/3LC4CwID7l1fus/n7FTHetv7JO2QiXc8fpbTx83eWV4/tBgCAAbLORR11+w+LVmWmj9tpLUMEcPO3LeX401599/O8MVv59c/1vx67fG5te4Boo6ijGGfa7D+kNoQ3n1u1MQ0FkWlsYeiP+ODK5sN96a8++doXBweIOhOtkqEUMum7zo3b6Y+N1HVprOHWdvXUQzsdP7TX0qRb+TbbTx1EnYs618a5qE3UBvrC4sCkLyZ9sTjpXNvcduhOXnxijzrmgQFinMlxLmuIsZGpLaZSWOjJJPticehc/TdN/555fP8OC0NngKhzUZsYm6hBpMhUFH3XASVFJDt6pSv6vpcYIMcm503UJmojgABFEfrCZOiUTBFFKUUmA9SxamMTrYmxkURLBUNHVzqR9IUuMGHnQGYaIOdVjE22JmvISNCiYgAAAJGVKAZc3p5OT+zatyprE7WRicGsTrEXAADM6lSJrgx4++svP92NowBw7fDzFroD9iyOMulKUQpQ0Hd3iKzzkpkAAODkme+/6btykG6F3KIgQVFKZJvuWVrY+T+vNUkTODP9hQAAAABJRU5ErkJggg==');

/*Población de datos de tabla de proveedores*/

insert into suppliers (Supplier_ID, CompanyName, ContactName, Address, Telephone, Email, HomePage) values ('1', 'Edgepulse', 'Arliene Guilloud', '7387 Crescent Oaks Street', '182-632-2339', 'aguilloud0@hibu.com', 'https://xing.com/sapien/cursus.jsp?eget=varius&semper=nulla&rutrum=facilisi&nulla=cras&nunc=non&purus=velit');
insert into suppliers (Supplier_ID, CompanyName, ContactName, Address, Telephone, Email, HomePage) values ('2', 'Mybuzz', 'Haze Jans', '626 Marcy Place', '372-907-1037', 'hjans1@disqus.com', 'http://last.fm/semper/interdum/mauris/ullamcorper/purus/sit/amet.jsp?scelerisque=magna&quam=vulputate&turpis=luctus&adipiscing=cum&lorem=sociis&vitae=natoque&mattis=penatibus&nibh=et&ligula=magnis&nec=dis&sem=parturient&duis=montes&aliquam=nascetur&convallis=ridiculus&nunc=mus');
insert into suppliers (Supplier_ID, CompanyName, ContactName, Address, Telephone, Email, HomePage) values ('3', 'Centizu', 'Bearnard Cinderey', '08319 Fairview Pass', '192-865-3210', 'bcinderey2@spotify.com', 'https://goo.ne.jp/potenti/nullam/porttitor.jsp?ante=sed&vestibulum=ante&ante=vivamus&ipsum=tortor&primis=duis');
insert into suppliers (Supplier_ID, CompanyName, ContactName, Address, Telephone, Email, HomePage) values ('4', 'Plajo', 'Shanon Bowditch', '89395 Crescent Oaks Avenue', '372-593-9769', 'sbowditch3@harvard.edu', 'https://cnet.com/nulla/sed/accumsan/felis/ut/at.json?porta=tellus&volutpat=nisi&erat=eu&quisque=orci&erat=mauris&eros=lacinia&viverra=sapien&eget=quis&congue=libero&eget=nullam&semper=sit&rutrum=amet&nulla=turpis&nunc=elementum&purus=ligula&phasellus=vehicula&in=consequat&felis=morbi&donec=a&semper=ipsum&sapien=integer&a=a&libero=nibh&nam=in&dui=quis&proin=justo&leo=maecenas&odio=rhoncus&porttitor=aliquam&id=lacus&consequat=morbi&in=quis');
insert into suppliers (Supplier_ID, CompanyName, ContactName, Address, Telephone, Email, HomePage) values ('5', 'Blogtags', 'Melessa Batchelder', '8 Jenna Pass', '746-831-9593', 'mbatchelder4@apple.com', 'https://ask.com/ut/nulla/sed/accumsan/felis/ut.aspx?etiam=iaculis&faucibus=diam&cursus=erat&urna=fermentum&ut=justo&tellus=nec&nulla=condimentum&ut=neque&erat=sapien&id=placerat&mauris=ante&vulputate=nulla&elementum=justo&nullam=aliquam&varius=quis&nulla=turpis&facilisi=eget&cras=elit&non=sodales&velit=scelerisque&nec=mauris&nisi=sit&vulputate=amet&nonummy=eros&maecenas=suspendisse&tincidunt=accumsan&lacus=tortor&at=quis&velit=turpis&vivamus=sed&vel=ante&nulla=vivamus&eget=tortor&eros=duis&elementum=mattis&pellentesque=egestas&quisque=metus&porta=aenean&volutpat=fermentum&erat=donec&quisque=ut&erat=mauris&eros=eget&viverra=massa&eget=tempor&congue=convallis&eget=nulla&semper=neque&rutrum=libero&nulla=convallis&nunc=eget&purus=eleifend&phasellus=luctus&in=ultricies&felis=eu&donec=nibh&semper=quisque&sapien=id&a=justo&libero=sit&nam=amet&dui=sapien&proin=dignissim&leo=vestibulum&odio=vestibulum&porttitor=ante&id=ipsum&consequat=primis&in=in&consequat=faucibus&ut=orci&nulla=luctus&sed=et&accumsan=ultrices&felis=posuere&ut=cubilia&at=curae&dolor=nulla&quis=dapibus&odio=dolor&consequat=vel&varius=est&integer=donec');
insert into suppliers (Supplier_ID, CompanyName, ContactName, Address, Telephone, Email, HomePage) values ('6', 'Twinte', 'Timothy Boatman', '741 Morrow Trail', '710-377-3180', 'tboatman5@nature.com', 'http://multiply.com/eu/tincidunt/in/leo/maecenas/pulvinar.xml?amet=nisl&erat=venenatis&nulla=lacinia&tempus=aenean&vivamus=sit&in=amet&felis=justo&eu=morbi&sapien=ut&cursus=odio&vestibulum=cras&proin=mi&eu=pede&mi=malesuada&nulla=in&ac=imperdiet&enim=et&in=commodo&tempor=vulputate&turpis=justo&nec=in&euismod=blandit&scelerisque=ultrices&quam=enim&turpis=lorem&adipiscing=ipsum&lorem=dolor&vitae=sit&mattis=amet&nibh=consectetuer&ligula=adipiscing&nec=elit&sem=proin');
insert into suppliers (Supplier_ID, CompanyName, ContactName, Address, Telephone, Email, HomePage) values ('7', 'Einti', 'Dillon Gilkison', '96995 Bluestem Parkway', '188-556-9118', 'dgilkison6@weebly.com', 'https://unesco.org/ipsum/integer/a/nibh/in.xml?interdum=interdum&mauris=in&non=ante&ligula=vestibulum&pellentesque=ante&ultrices=ipsum&phasellus=primis&id=in&sapien=faucibus&in=orci&sapien=luctus&iaculis=et&congue=ultrices&vivamus=posuere&metus=cubilia&arcu=curae&adipiscing=duis&molestie=faucibus&hendrerit=accumsan&at=odio&vulputate=curabitur&vitae=convallis&nisl=duis');
insert into suppliers (Supplier_ID, CompanyName, ContactName, Address, Telephone, Email, HomePage) values ('8', 'Mydeo', 'Clark Keeting', '32056 Crowley Center', '447-200-3854', 'ckeeting7@redcross.org', 'http://vk.com/quam/sollicitudin/vitae/consectetuer/eget/rutrum/at.aspx?congue=tincidunt&elementum=eget&in=tempus&hac=vel&habitasse=pede&platea=morbi&dictumst=porttitor&morbi=lorem&vestibulum=id&velit=ligula&id=suspendisse&pretium=ornare&iaculis=consequat&diam=lectus&erat=in&fermentum=est&justo=risus&nec=auctor&condimentum=sed&neque=tristique&sapien=in&placerat=tempus&ante=sit&nulla=amet&justo=sem&aliquam=fusce&quis=consequat&turpis=nulla&eget=nisl&elit=nunc&sodales=nisl&scelerisque=duis&mauris=bibendum&sit=felis&amet=sed&eros=interdum&suspendisse=venenatis&accumsan=turpis&tortor=enim&quis=blandit&turpis=mi&sed=in&ante=porttitor&vivamus=pede&tortor=justo&duis=eu&mattis=massa&egestas=donec&metus=dapibus&aenean=duis&fermentum=at&donec=velit&ut=eu&mauris=est');
insert into suppliers (Supplier_ID, CompanyName, ContactName, Address, Telephone, Email, HomePage) values ('9', 'Twitterbridge', 'Lucian Beininck', '21370 Upham Circle', '922-528-3435', 'lbeininck8@cargocollective.com', 'http://census.gov/maecenas.png?nulla=imperdiet&dapibus=sapien&dolor=urna&vel=pretium&est=nisl&donec=ut&odio=volutpat&justo=sapien&sollicitudin=arcu&ut=sed&suscipit=augue&a=aliquam&feugiat=erat&et=volutpat&eros=in&vestibulum=congue&ac=etiam&est=justo&lacinia=etiam&nisi=pretium&venenatis=iaculis&tristique=justo&fusce=in&congue=hac&diam=habitasse&id=platea&ornare=dictumst&imperdiet=etiam&sapien=faucibus&urna=cursus&pretium=urna&nisl=ut&ut=tellus&volutpat=nulla&sapien=ut&arcu=erat&sed=id&augue=mauris&aliquam=vulputate&erat=elementum&volutpat=nullam');
insert into suppliers (Supplier_ID, CompanyName, ContactName, Address, Telephone, Email, HomePage) values ('10', 'Muxo', 'Fidelity Chalcraft', '32197 Granby Court', '924-482-9703', 'fchalcraft9@baidu.com', 'http://whitehouse.gov/donec/vitae/nisi/nam/ultrices.js?quisque=ante&ut=nulla&erat=justo&curabitur=aliquam&gravida=quis&nisi=turpis&at=eget&nibh=elit&in=sodales&hac=scelerisque&habitasse=mauris&platea=sit&dictumst=amet&aliquam=eros&augue=suspendisse&quam=accumsan&sollicitudin=tortor&vitae=quis&consectetuer=turpis&eget=sed&rutrum=ante&at=vivamus&lorem=tortor&integer=duis&tincidunt=mattis&ante=egestas&vel=metus&ipsum=aenean&praesent=fermentum&blandit=donec&lacinia=ut&erat=mauris&vestibulum=eget&sed=massa&magna=tempor&at=convallis&nunc=nulla&commodo=neque&placerat=libero&praesent=convallis&blandit=eget&nam=eleifend&nulla=luctus&integer=ultricies&pede=eu&justo=nibh&lacinia=quisque&eget=id&tincidunt=justo&eget=sit&tempus=amet&vel=sapien&pede=dignissim&morbi=vestibulum&porttitor=vestibulum&lorem=ante&id=ipsum&ligula=primis&suspendisse=in&ornare=faucibus&consequat=orci&lectus=luctus&in=et');
