/*Población de datos de tabla de administradores/empleados*/

insert into Administrator/Employee (id, first_name, last_name, birthDate, HireDate, Address, TelephoneNumber, Photo, Password, Email) values (1, 'Berna', 'Geelan', '11/12/2020', '12/26/2020', '4 1st Way', '974-553-9076', 'data:image/png;base64,iVBORw0KGgoAAAANSUhEUgAAABAAAAAQCAYAAAAf8/9hAAAABGdBTUEAAK/INwWK6QAAABl0RVh0U29mdHdhcmUAQWRvYmUgSW1hZ2VSZWFkeXHJZTwAAAKuSURBVDjLdZLdS1NxGMdPRZLgPxBC0pVhWHgRXhiMdlEUQUXBLhLUMnux0gxUtBeX8yXzuCVbKS5Htunmppt7cW5OXGeerZZhObVA8DIaBtoLljr89pwjWm32gy8/Dvyez/N5Hg4DgPknvC6dwoLTjuNlWwwj6hh8qnF4m1g4FOnx7+OLy6hwCW8swKQTiLjX79dGINAOWKuX0F9elgjgdUkY63Rj3AS8twFcB+BhQV0BZy1gvwu4FMBoK+CoAbouutGRm/QHwGlVeEvFAsCnilGhlHSTNzuZy5KhL5biRVEMNoIZSwH1GXYd4G/LhP9JDOFeKmZjsNelwSFPIV0F6QZhLAmi+6oCuoIUaM+n4em5GPoqAeWxGFhpBoORVhX4LtJTC7pS2O6kwlo5h6FGwFIOmG/RXQF0yOagPp2KxyekBKExCoGmHJYh3Y8Im9Zns1Ylk24tXPUR0jXgWZ4E7TIJ6RpguB6B6mgFWo7sQsPhVfTSGPKsaYZ0lxGmLfdTN2PJ9hnOefOD3+4IhUJfeZ4Hx3Hw+/0IDvV/HnUPsKjP3kaFC+i9Ddzfv8iQ7jKCzwFDsbDdpHCIH1tZWcFWcbsHh3Hv4A7IDyyKo9VkfGdou7PoqwLpLpHuzjA38kt4rLDN/ZPBVxaUaXLXilpOoUAhWet+cEgATDPxf1YgEMAGgJv9IabOrIPcXADnlAbvPnmhHL4GmTIT2cW7mxMAwrwbgE7+i5i8h8cxEFFhYIZ+JDrNvktQ+i4LgJ8JAJ/PJwKi0ehmTlZnYXBKi7+PfVIjAJAA8Hg8ImB+fh4TExNiJKV78ch7AQ3efLG4wZP/fwOXy7UQv32NrR5nm/eB9RaKnYVb+N5yB3a7XW+1WqMWiwUmkwk9PT3Q6/W4opAt59zYsypoU75RGoX3vwEsUe6Qo5mAvAAAAABJRU5ErkJggg==', '2C2h63', 'bgeelan0@opera.com');
insert into Administrator/Employee (id, first_name, last_name, birthDate, HireDate, Address, TelephoneNumber, Photo, Password, Email) values (2, 'Beltran', 'Phelipeaux', '3/9/2021', '4/8/2021', '7 Schurz Way', '344-784-0732', 'data:image/png;base64,iVBORw0KGgoAAAANSUhEUgAAABAAAAAQCAYAAAAf8/9hAAAABGdBTUEAAK/INwWK6QAAABl0RVh0U29mdHdhcmUAQWRvYmUgSW1hZ2VSZWFkeXHJZTwAAAImSURBVDjLnZNNiI1hFMd/73vvzSXjKwzmRopJyFcaYmczPko+8pE0SpYsrLAglnbKAvlYSNkYjYhmSrIRRRQbKblc07Cii3Hf82Xx3jsxG/Kvp9NTz/mdc/6nJ4kI/kfdl9ftENUL6b887rm9s7K7d+va35I3i+r1jvaZk5O/ddBze+e8LJNFWZbdzES7RaQsqn0zpk0vVGu1+l87yDKZnGVZb2VaRyoiA6J6a05HpVCt1erAiuTOwOYA8AjcHHPHzVA3LFNMhHea8rI8hYltbXz78YOhwY+s1++0qVPc9PU9zN/zZ1n3P485j7584mT1FQUPrs3tolIswcPrFEeS6oPgTpiBGagSpiBKqLBKlUvjJoAa7UOvYfoCGI4WICACVh4jKbURL84TZqRLD4AOY/cOk244w+xSGX1wmvjwHESaAFVQg3AoTSAenyJZfYLEGvjTc2BO2nUQ5Dty6xCFJbvR6rMRQIpIDvCAtAjj54Ar8bVGuuYo6fL9+Jt+kqmdFLdfxN8/Ac9HpBGkDP/M53UHIFm8j3jbD1kd691DEKQLtyFXNuKv+ih2n8qNVWsCGprT3MEFf3aWpHMLfPtMYdtVkvIk7OUNSj19FJbtQu8ebwIUBJI4PStYtpfgS+66KiEKKoRIftdWVDAjzBgztgJ99ykyHCBCYmWS1grNwByiaW7qUDBIAoqeb6ypJI7MCCQgC2gAFpCNigoYudGjlPzvd27pFy1NYQEtEp0PAAAAAElFTkSuQmCC', 'HrTnPU', 'bphelipeaux1@4shared.com');
insert into Administrator/Employee (id, first_name, last_name, birthDate, HireDate, Address, TelephoneNumber, Photo, Password, Email) values (3, 'Fiann', 'Tellenbroker', '3/17/2021', '4/17/2021', '6 Caliangt Hill', '544-848-2732', 'data:image/png;base64,iVBORw0KGgoAAAANSUhEUgAAABAAAAAQCAYAAAAf8/9hAAAABGdBTUEAAK/INwWK6QAAABl0RVh0U29mdHdhcmUAQWRvYmUgSW1hZ2VSZWFkeXHJZTwAAAHvSURBVDjLjZPfSxRRFMf3T9g/wRdRkfKmRbkq3gfpYSvUHiIVZHqRiH7MbogW2GD1KOxrIVuUoOiKI+2isMleJXPZ3Np2NegstHNpGJg7K8yfcLquUII7sz183+7ne875nnMDiBjwEmz0ECkKqRCFZHew3pv64GbvkJkbN+zSExTFp1LTaBciWE72xUC/HPQ1kBUVcTiDzo9ZCUWRbw8y8/OIIb5Po1Oawd/bwwVPAwk32cUpdA6e4a/0wFv4cOVvNVi7NGRl77iQ6NK8DZIh1TnQ0MyOGnVHW+kkdTOAVE+wkgnrVn7CPfo5h8ct88wNxreuM/7xmlSYVTYGdM8Qy5t9Mbs4idXDF1IvURQmUXx7LBVFkY+g2FcRlojmuwWZLrGPAQlD4iKVs1JY7qSwdEGKUK9VB06FROyvkVpVOauET0BY7CB+t3IKVrFa0rBa1Goti/2HKHIPEBbOq40NEl0KT4eZtTvmHpWeo/VpxOWpq6yy3q/7wWfXuNihiC9RtHZuu/D+3JnWYb5VhfkW4nuJ5tawUc1PoZW55ZYXSAzetFGItyl8jTJn7x7aO+MIr5ubvE/5XTsx04OGyN5HJydD3Z1AsXcXnewjtNI3XQkrDT9TzSjeqlSWQzpfpYyv9rNyvD0Gr/5Vbmjwv/oDiJrRGbut70sAAAAASUVORK5CYII=', 'FfF57mWmA', 'ftellenbroker2@indiegogo.com');
insert into Administrator/Employee (id, first_name, last_name, birthDate, HireDate, Address, TelephoneNumber, Photo, Password, Email) values (4, 'Gertrude', 'Crow', '12/24/2020', '7/19/2021', '896 Menomonie Drive', '770-923-8221', 'data:image/png;base64,iVBORw0KGgoAAAANSUhEUgAAABAAAAAQCAYAAAAf8/9hAAAABGdBTUEAAK/INwWK6QAAABl0RVh0U29mdHdhcmUAQWRvYmUgSW1hZ2VSZWFkeXHJZTwAAAKfSURBVDjLfVNNaBNREP52s0m0cc2PUaiWQLGKYtWKCkUPohJJFfTiIQcv2tKDCB56sAfPUjyUFKQHrS2e1NaCthapSFuxlFyMifYHRWkvDZHapj/aZLubXWfeJgV/X5g3u5uZ7/tm5j3Jsiz8byUSiS7DMC7puq6QB3lha2tr7B9J/wJIpVJeSujw+XwX3e4yaJQE04SIphy/34fBwRdQ/pacTCYjnBwMBnd4PB5Mz8yC2U3TgmmZBGShQGCapkGZmprSCoWCi0wElWSyz2azv0vGwkKWgEyEz9SJbwonV1SEsLi4JNgt/lms0hLGL8SJgN+L/r5n2Fd9SLDzf0IBo3LyjY4EhUmQJNrtTXi2leVl3G48KhjfJeJgteXnLtgKWCqzcqA/sAWyLEMik4vGzwxgmTZj9YEj4tkq9kBmBfROADIcDscvJhc9L24eM86p0+hcjImyhAK9OB5JluBQlHV24bkE8vbkbMbOj/fwY8UQKgQAb9wQLoEZK7eVifrtJSG9ZNgHauYN5ryTqJoPIpfPYWi8V0xFAMjFOtm+fPrzXGz2TmAmN4vwyeOoCOzC8MRTxMe7kdcCNoDTqaClvkaMR9cNrK5qQrLL5aQyLLQPP0DNnggKcgEHy8N4NdmD2v3H0P35ORSqq3VkZOhE6aCQD6iqWsnTyWQyGqlzf8t9hVPahLq99UJR0+m76P/QTo3sgxKNRptKUtva2q4TyPmdVbsrVdWH3icPTZr5/ez3+SsT6TEplR5Fc7gLLS8vY4PDTR2SLbmUHIvFthJbLBI5eyoUCkFVPWhoaNyYz+ejhqXfir8fg4uuDjO7JAWjydd0eszW9ctE0hfI3vb0PD5cOv/FezEZv5O+WXttu9I9PXAVGFApfIWsnb43/wTyL6VPiDb06AAAAABJRU5ErkJggg==', 'J3W4H4ABn', 'gcrow3@t-online.de');
insert into Administrator/Employee (id, first_name, last_name, birthDate, HireDate, Address, TelephoneNumber, Photo, Password, Email) values (5, 'Allx', 'Ryle', '7/20/2021', '6/11/2021', '875 Johnson Point', '887-324-0328', 'data:image/png;base64,iVBORw0KGgoAAAANSUhEUgAAABAAAAAQCAYAAAAf8/9hAAAABGdBTUEAAK/INwWK6QAAABl0RVh0U29mdHdhcmUAQWRvYmUgSW1hZ2VSZWFkeXHJZTwAAAKESURBVDjLpZO7axRhFMV/38zsy+xuEt2Q50bYgChGUBAVxUbRRlS0sxJsbP0HFAQJ1jYqtlqYTlARNZoiPlELCxVd0LgxwcnuxmT2MfPN97BIxAcIggcu91EcLudwhLWW/4HDf8I7feXZw/Sq3JZqEHc0QuUYCwaLNhZjLdpajFneV8oidBy3FquVd+Wy19PdWTx5eF0+iq1Ip9zf2MWfs1ju7Ui57UgPHDsfhY6/pEpSGXHt4RyVqqQZWaZrhkrdMPPNMLdo8ANLtWmJNczUJBduzrHQjJxcT3HEaUZapBIOg/157r70+daI6c0LEi4kXUHSEyQ96MoIakuS8amvdK3Os6YrBSCcVqgAKPVlGerNc+eFz0IQU8g6JD1IutCZFtQDyfiUT2FNntJgFrFintMM9bKaLpQGsvR0r+L6ZIV6IOlMC3JpQS2QnL99gHcLhygNZMl4v9jYbC9/IASoWJH2DMODXdx67jNTDZmphtx46hNbxVBhAxcnRkl6P5X1WpHGAlIqvtYDir05kskElx8c4c19jTQKqRUD3SNs6NtOEDY5e2MtV0+UwQq8VqSsNlb4tYBiT45MOgEWlJHs23gcbQ3aaAyW2cUKm4Z20ZBtDl4s0Ofcs16z/uVTJNXa9UMZkc04QjgaBwiVRFvDdO0DsVEoExPrmKUoYHNxN424xfOPu/FkY35676k73alcR4eXcoXnuTiuoL8YekorevPDKKPR1jC3+JnV2T5eVR7xrFyOE2/PPRF/C9PRSyUdSok0klBJRgobnR2l/bz4/JiJ93dfS8W22TEbiX9N4+g5Z37r8J7C5PuJl9Kwc3bMSoB/JiidEfPauIW20Ql/zKof9+9pyFaERzUY+QAAAABJRU5ErkJggg==', 'CWI20PJx4gOo', 'aryle4@wp.com');
insert into Administrator/Employee (id, first_name, last_name, birthDate, HireDate, Address, TelephoneNumber, Photo, Password, Email) values (6, 'Vaclav', 'Petrollo', '12/10/2020', '5/9/2021', '530 Myrtle Alley', '498-430-1806', 'data:image/png;base64,iVBORw0KGgoAAAANSUhEUgAAABAAAAAQCAYAAAAf8/9hAAAABGdBTUEAAK/INwWK6QAAABl0RVh0U29mdHdhcmUAQWRvYmUgSW1hZ2VSZWFkeXHJZTwAAAJFSURBVDjLpZPNS1RhFMZ/5733zkzjR/ZBCUpoJdUiBCkll4m0CUKJIGpVSLjyL2gntDFop6shAolWbcSNIW0ircHBUHCloo3VjNY0jjP3831bWA5ai8Bnfc7vPOfhHDHGcBjZAENji7N1cSj7IcdqY2zkKoiC2qSFNsKPYoXpTPbBynj/4j8BlbLL9c4L3OqoZWLmM4/vXdpX9OJtHq0lBXQdBIgxhvtPZmZ7ui+yspZrjwKfWExxtMbh66YLAgj4geZnyd2YzmT7Vsb75/c5UEqwDLgVl55r57hxuYY3c18Y6mtDgO1KSBBETMwV0VpeA2f3ARKOwvUCcgWX9bzH0NhqvC4Okx9zBzNpPdGQ4OHIrJnOZLtWxvs/2AChNnhRiFIKy8j/ZjILiALYLgc4YnO8zsJSIWUv4Pt2CMBU+tteoxtC0YN8wUdEV1eItMHCIdSagru5l0kQaZ4OdqC1wQAWhqQNnudR3PGrANu2aGmE9FJATSxJwinhegHDr1ZRAmGk0ZHGAMYYMJB0dh0ogOVs6VNqcoGtosYv1+9lYikHERvBQsQCozBGCMIQ3w+rDtKjvQMAd4bfL59vFqYzQasjNoM36wi1vzvHgBFNwo4x8nKNreJOFfBHy9nSXGpyoSPSYOGgqZCae8TJ5BkERb68zsDVZygSlD3/b0B6tPf2byempRFO127T095JQ6wJFBTcJk7VhCRjYItUT/mgrgxOvWtrPtLdEG8gYdcT6gDRGjERWsosrS2TKwbMP78rcth3/gX/0SEvLZFG1QAAAABJRU5ErkJggg==', 'DuNqTLX', 'vpetrollo5@yale.edu');
insert into Administrator/Employee (id, first_name, last_name, birthDate, HireDate, Address, TelephoneNumber, Photo, Password, Email) values (7, 'Kary', 'Cushworth', '5/13/2021', '8/30/2021', '0 Graedel Trail', '488-283-9724', 'data:image/png;base64,iVBORw0KGgoAAAANSUhEUgAAABAAAAAQCAQAAAC1+jfqAAAABGdBTUEAAK/INwWK6QAAABl0RVh0U29mdHdhcmUAQWRvYmUgSW1hZ2VSZWFkeXHJZTwAAAB+SURBVCjPpVHbCYAwDLyIIzmEX07hCH64nAOIuo1Sq+CZ1ueXVsyRBJrc5aBCPEeEvwuxK9XtDn0Si/ZU9gUg2Z/dYEuiuxSI5mRtwyuEIR5KOpVZYRUjjMLVVkIVCk6YPPdg1/LNQ87xdtl4JauaQ7CHjAfXeK5FH+7h9bNWB/9J3PASf8kAAAAASUVORK5CYII=', 'IkV508i', 'kcushworth6@bigcartel.com');
insert into Administrator/Employee (id, first_name, last_name, birthDate, HireDate, Address, TelephoneNumber, Photo, Password, Email) values (8, 'Clarine', 'Maccari', '11/9/2020', '2/23/2021', '42 West Avenue', '653-826-5854', 'data:image/png;base64,iVBORw0KGgoAAAANSUhEUgAAABAAAAAQCAYAAAAf8/9hAAAABGdBTUEAAK/INwWK6QAAABl0RVh0U29mdHdhcmUAQWRvYmUgSW1hZ2VSZWFkeXHJZTwAAAH5SURBVDjLpZK/a5NhEMe/748kRqypmqQQgz/oUPUPECpCoEVwyNStIA6COFR33boIjg6mg4uL0k0EO1RFISKImkHQxlbQRAsx0dgKJm/e53nunnOwViR5leJnuZs+973jHBHB/+D/ah7X2LXWloilyMw5YgtD3CDiBWN4Zno8bQcJHBFBucauZfsolZDCru0OfFcAAUISrLZDfPzSKxuiibOT+T6JCwDMtrQzYQvZHQ5Cw2h3GK0OI9AWBzJJZFOxgtJUGpTABQAiLu5OOviuGIEWkBUwC7pasNZj7N2ThNJUjBQY4pznAoEWsBWwxU+JFXSVRTzmQWvKRR5RG4KVGMgKrAVYflexAAugDCEygdbUCI2F7zobk7FZY76DIDQgrT9HCwwt1FsBhhIu4p4D3kiS8B0MJz28ftfGSPfl8MPLxbGBAqVpptbslJc+fEPMA7JDPrIpH3FX8LzaROdrE5O51jalgid3Lh4b6/sDALh6971riErGcFET58gwDPGndG9JT6ReHcwfPorGygu8rdxvGxMeP3XtzcofgigWZ0/EtQ7n0/sOTe0/Mo7V5WeoVu61z1yvZzZX+BsnZx9opYLpevXp7eXKIrL5UWit0n0r/Isb50bjRGreiyWmgs76lfM31y5tSQAAc6czHjONXLi13thygih+AEq4N6GqMsuhAAAAAElFTkSuQmCC', '9MNdEnhPI9', 'cmaccari7@vistaprint.com');
insert into Administrator/Employee (id, first_name, last_name, birthDate, HireDate, Address, TelephoneNumber, Photo, Password, Email) values (9, 'Shalom', 'Soares', '5/21/2021', '9/21/2021', '0751 New Castle Drive', '577-611-4712', 'data:image/png;base64,iVBORw0KGgoAAAANSUhEUgAAABAAAAAQCAYAAAAf8/9hAAAABGdBTUEAAK/INwWK6QAAABl0RVh0U29mdHdhcmUAQWRvYmUgSW1hZ2VSZWFkeXHJZTwAAAMxSURBVBgZdcFraFtlAAbg9zvnO5fcTk7Smda2SRvbLbau69aSUXWdE4rTuTlBnUxkYzgUFX9VLKJ4mQoyEMShwqygqKWKjKEDYSiuk152payKTdvFZZCmSdauTXNyTs4ln/vhjxLc85D1n82BASAMcqcqfPDgeu+BWpmXzl3XUqNThWPJtHbc55MRUCSUNQeT78WwFnWKNsAAw6oYaUryFUrErOEYl+a0C8mU/o2iyvD6ZNwOdW6aYAIPn8z1PBBx7x88OX8k0iBvpgyCKIv3KiH3DoFBqlgMt9gA3sAaHCs5KK9anr425UhzUKrnjUqqK+SK1MhcoKxZNTLPHdwYdb1W76cvLGZMEVU43aigRRUON/po15Wp5cvtdeKzDQp/j+RUmAeVWp9I1NlZbaxYsPP6sjWEKtTv4h55KB58e/z84vDpM9m3WMmULNP5VA25tzTdrXYspPSvbiwYo7FWz8dHdxzfkxhaucx7O6DdGAEx0gfpgb7QywEvnwsoVPPAXlIa3H13BD0BItKwV7AKJcLO3hkSor01vwZ3xdR3Xev2wB/dguV/Ypg+PXiU+j10Lw84AVUgstfFVsr0t1MXV8ObN/l6rKKd4xkb2Bkd3fDitqzkV+/H0tW/IRITPqUO3pqIn/I8caaTJfx+ocBMwQXKkbbWJvn1ZKLwcypZeuf7p97cFO/u+VZteRjlzDBEN0FqchqWYS4aevE+bva6gZ/OLCOTtznKk8fr1gmfuCWuZTFbHrt0eH94a3f8O7X1UWLMfwEi3ITg9UEuXc1ahUxf/JUTM3Rm3kJ92AVR4CjAnnbLXC1z2OyTjT/0ehr3feRvfQxG+nNwgg2zEEV+ZHzV0Uu7u/rPTeIWwhhDtV/er3+iOf7MUGz7XtHMfg3CmzBWGpE/e153dK091j9+Df/hUOXLlyLPNXUf+tFiYTEzdQwVGNCWGpAbmcg5hrYx1j9+DWtQVFGaNwy2b3seieFXMfPHGKRIJ+xcYj4g8js7BiaSqMKhSmJuwTb/OoVoZy88nhjSF6eKhm7u6hiY+BP/gzDGsNa+7UG9665aurUtCiaUx/Rc/tDuD68kcRv/AvFKVJouQOXGAAAAAElFTkSuQmCC', '0fD2aR0X7mWA', 'ssoares8@alexa.com');
insert into Administrator/Employee (id, first_name, last_name, birthDate, HireDate, Address, TelephoneNumber, Photo, Password, Email) values (10, 'Ranice', 'McGilleghole', '8/20/2021', '6/20/2021', '2 Dennis Drive', '217-518-0966', 'data:image/png;base64,iVBORw0KGgoAAAANSUhEUgAAABAAAAAQCAYAAAAf8/9hAAAABGdBTUEAAK/INwWK6QAAABl0RVh0U29mdHdhcmUAQWRvYmUgSW1hZ2VSZWFkeXHJZTwAAAJwSURBVDjLpVNNaxNRFD2TzOSTpFgZCg0JJPEDCaK48wNaEzS4cOlCsIgEXHWrCC3FRQXBP+BWCrpyKcZImhZmYdwVUaolIWXSGGPJpLHNJJnJjPdNnTBFXDlwuPe9eefcc98HZ5om/ufj7aRcLhdHo1Fa13VQBItOaJrmzFdzuVyG8TjmgMgzfr9/LZFIYDgc/lXF6VIQBJRKJciynJmfn1+1HJDq0uTkJJrNJrxe75jkJLK8Xq8jHA4jmUyiWq0u0PQqJ0nSTCAQWIvFYuh2u5YDG8wuI3IcB7fbbVUPhUIIBoMoFouo1WoZnvpZEkXR6pEt8vl8FuzqTicsGoaBfr+PVCqFra2tBZ5VUVUV7XYbg8FgvIhtJIv22J5jY57nMTExYTlkAmlWWVEU9Hq9I4R/CbAWIpEIc53m7eMpFApHBJyWnTmLjMxOzHaAr419tKayWLw7i82WjoDHhV/tH/jwZQf13X1cPR/FyUQc7Z6BM1MCll+UIFV6loCLOagpJu5lU2h0DfSGJrw8Z5GvnRLw4LqI9Q0Zfg+HgW5iW9GxNHcR8h7GAvnKdh0+Dw9tdLjbLg6YPRfF+28anhV+YoZydXj4TxsBfc1Eq9Vie5K3buLtp+/uXElNr1y+cBq6YWI67IZfcEFwgxwZ2Gho6Kq0kaQRPcbThZLxWqo8Jr0nrj8X7a30uZGX6zs4cZy3yCMSPqCqHdWEcmAg7HNR/zw6u01G/kicl68eZXXOviTkIk5hmXDr/o2UcDYuQvAIGJDd74qKzl4Xz9980lkxwkMib44fk/2RiEDhEmGOcJMgsjUEmbBOWCGsEXn84n4DYCewx+p/CvMAAAAASUVORK5CYII=', 'P1sFYWlYug', 'rmcgilleghole9@apple.com');

/*Población de datos de tabla de el carro de comprar / orden de compra*/

insert into Order/ShoppingCar (id, Administrator_ID, User_ID, OrderDate, RequiredDate, DeliveryDate, DeliveryService, DeliveryAddress) values (1, 1, 1, '2/27/2021', '2/24/2021', '3/14/2021', 'Twimm', '9203 Center Way');
insert into Order/ShoppingCar (id, Administrator_ID, User_ID, OrderDate, RequiredDate, DeliveryDate, DeliveryService, DeliveryAddress) values (2, 2, 2, '6/18/2021', '9/30/2021', '10/31/2020', 'Dabtype', '00 Mayer Crossing');
insert into Order/ShoppingCar (id, Administrator_ID, User_ID, OrderDate, RequiredDate, DeliveryDate, DeliveryService, DeliveryAddress) values (3, 3, 3, '4/2/2021', '4/19/2021', '5/5/2021', 'Vinte', '4 Kropf Circle');
insert into Order/ShoppingCar (id, Administrator_ID, User_ID, OrderDate, RequiredDate, DeliveryDate, DeliveryService, DeliveryAddress) values (4, 4, 4, '5/13/2021', '4/29/2021', '1/21/2021', 'Zoomlounge', '399 Hauk Junction');
insert into Order/ShoppingCar (id, Administrator_ID, User_ID, OrderDate, RequiredDate, DeliveryDate, DeliveryService, DeliveryAddress) values (5, 5, 5, '2/16/2021', '6/26/2021', '3/2/2021', 'Twitterbeat', '86 Talisman Avenue');
insert into Order/ShoppingCar (id, Administrator_ID, User_ID, OrderDate, RequiredDate, DeliveryDate, DeliveryService, DeliveryAddress) values (6, 6, 6, '12/4/2020', '7/26/2021', '2/6/2021', 'Jabberstorm', '5841 Hooker Point');
insert into Order/ShoppingCar (id, Administrator_ID, User_ID, OrderDate, RequiredDate, DeliveryDate, DeliveryService, DeliveryAddress) values (7, 7, 7, '6/11/2021', '3/2/2021', '5/10/2021', 'Einti', '78251 Lerdahl Parkway');
insert into Order/ShoppingCar (id, Administrator_ID, User_ID, OrderDate, RequiredDate, DeliveryDate, DeliveryService, DeliveryAddress) values (8, 8, 8, '12/3/2020', '6/15/2021', '6/16/2021', 'Zoovu', '1 Hudson Place');
insert into Order/ShoppingCar (id, Administrator_ID, User_ID, OrderDate, RequiredDate, DeliveryDate, DeliveryService, DeliveryAddress) values (9, 9, 9, '1/20/2021', '10/14/2020', '3/6/2021', 'Trudoo', '48229 Orin Trail');
insert into Order/ShoppingCar (id, Administrator_ID, User_ID, OrderDate, RequiredDate, DeliveryDate, DeliveryService, DeliveryAddress) values (10, 10, 10, '11/24/2020', '11/15/2020', '12/6/2020', 'Fatz', '754 Maple Wood Junction');


/*Población de datos de tabla de usuarios*/

insert into User (User_ID, FirstName, LastName, Address, TelephoneNumber, Email, Photo, Password, PaymentMethod) values (1, 'Donny', 'Wandrich', '99 Weeping Birch Alley', '657-519-1896', 'dwandrich0@histats.com', 'data:image/png;base64,iVBORw0KGgoAAAANSUhEUgAAABAAAAAQCAYAAAAf8/9hAAAABGdBTUEAAK/INwWK6QAAABl0RVh0U29mdHdhcmUAQWRvYmUgSW1hZ2VSZWFkeXHJZTwAAAJ4SURBVDjLpZNLiFJRGMe/q1biA99UpqOilqALmYW6yM2MFLQtwU27bLbNLLSgidEethxcGLRTXIkbFyEYQlQu7qJNMD5AYXxcUZMRMhtf19s5NzRnExMdOPfAOff//f7fOd9HMAwD/zN4/ypIJpPMbDaD+XwOaL1PFAoF1sJisQCaps9M/NP6xEKj0QgOhwO63S6k0+kjHk7B5XKxgr+N6XQKqVSqbbPZ1LVaDbLZ7DEKGONhcrVaBaFQCK1WC9RqNdTrddBqtey+Xq+HSqUCJpMJJBKJutlsQqlUwgEfBAKBPM/tdhP5fJ4RCAQwGAyc6IDs9/vOyWRCIpvO8XhMdjoddm232+z+aDTC6VDYGQd/cH4ikQi7IDFZLBaTmIyIJCbLZDLSYrGAXC4nrVYrBmEHLawlls+YyWQYj8cD6FKh1+s5sRiTsZiiKKdSqSSRfadKpSIbjQaEQiFi5QAPZGm/WCyCwWBgyWazGaRSKUtWKBQkujzAQex2O6aviodYL6REIsEsn2vtrdmp6X6ByxQJvEEPRnwh8GfDJ7dy89fEeSqx4NMFxRp1+PqW9+IlgxVOv+ag+Ok9PSiXdtlKjMfjNxBlDxEfLonrDjZ/jGBzywv82geAjy9AIJGCXqfjnlSY3wFQTl6/378TjUZLSPAICQ+DweDh0kF+++WCf8VAwJ29Pz1wcBW4C0LPphCLxZ4i4XONRsMWEK60crm8cnHz6C1s370HwsY7mJx24CcKMPzOhXINqDN3EIlElo2yGw6HVw4++64dXBCL9jcUMw6P04Lhtzkcd7n0bMw8I87bzgXfxuPRSXuHSxM6mstQSPXmdm7+6heR5oijWAuHSQAAAABJRU5ErkJggg==', 'kPvL9bmO', 'turpis adipiscing lorem vitae mattis nibh ligula nec sem duis aliquam convallis nunc proin at turpis a pede');
insert into User (User_ID, FirstName, LastName, Address, TelephoneNumber, Email, Photo, Password, PaymentMethod) values (2, 'Daloris', 'Pardie', '2082 Rieder Parkway', '178-334-4854', 'dpardie1@elegantthemes.com', 'data:image/png;base64,iVBORw0KGgoAAAANSUhEUgAAABAAAAAQCAQAAAC1+jfqAAAABGdBTUEAAK/INwWK6QAAABl0RVh0U29mdHdhcmUAQWRvYmUgSW1hZ2VSZWFkeXHJZTwAAABjSURBVCjPY/jPgB8y0FHBkb37/+/6v+X/+v8r/y/ei0XB3v+H4HDWfywKtgAl1v7/D8SH/k/ApmANUAICDv1vx6ZgMZIJ9dgUzEJyQxk2BRPWdf1vAeqt/F/yP3/dwIQk2QoAfUogHsamBmcAAAAASUVORK5CYII=', 'Zanc5c', 'orci luctus et ultrices posuere cubilia curae nulla dapibus dolor vel est');
insert into User (User_ID, FirstName, LastName, Address, TelephoneNumber, Email, Photo, Password, PaymentMethod) values (3, 'Hermie', 'Margach', '0 Glacier Hill Crossing', '520-375-2339', 'hmargach2@list-manage.com', 'data:image/png;base64,iVBORw0KGgoAAAANSUhEUgAAABAAAAAQCAYAAAAf8/9hAAAABGdBTUEAAK/INwWK6QAAABl0RVh0U29mdHdhcmUAQWRvYmUgSW1hZ2VSZWFkeXHJZTwAAAGBSURBVDjLY/j//z8DJZhhcBoQMuUBJxCzkWxAeXl5PYiOm/toTtDEB0U5OTkCqamp/XFxcfvDwsISYOpsbGwUjI2N12tpaQUgazYoKSn5D8QJgRPuqdevf/nKp+MOf3R0tEJISMh/Ly+vBGTL1NXVC1BcADQgobi4eH5ubu59ED9o4r05Hs23WkBsd3f3+XZ2dudhalVUVBxkZGQUUAwoLCx0ADpZAejk/0AnB7g13JTOX/z4lW3pVWmgkw0sLCz+A53sAFIrKSkZgBIG+fn5AZmZmQIgNtDJ+4ODg/eD2Pbl19odK65Ogzp5v7y8/HxxcXEFAQEBBxQD0tPTAxISEhwiIiIcAgICEry9vf8DnexgnnNJKHbGvVcGyedVgE5OUFZW/s/HxzcfJRaATnYAOtkBWRDo5PvAUAa7Qj/xfIV1waUVIDY3N/d9NjY2lMAEObkA6GS4nywtLRUMDAzqgU6uBzrZQTv2DKdX442r6uGnhVhYWAoYGBgEhkBSpqsBAOTifxrCztZUAAAAAElFTkSuQmCC', 'EhRtd45dA89', 'eget congue eget semper rutrum nulla nunc purus phasellus in felis donec semper sapien a libero nam');
insert into User (User_ID, FirstName, LastName, Address, TelephoneNumber, Email, Photo, Password, PaymentMethod) values (4, 'Devy', 'Round', '818 Knutson Street', '885-541-9445', 'dround3@cyberchimps.com', 'data:image/png;base64,iVBORw0KGgoAAAANSUhEUgAAABAAAAAQCAYAAAAf8/9hAAAABGdBTUEAAK/INwWK6QAAABl0RVh0U29mdHdhcmUAQWRvYmUgSW1hZ2VSZWFkeXHJZTwAAAMxSURBVBgZdcFraFtlAAbg9zvnO5fcTk7Smda2SRvbLbau69aSUXWdE4rTuTlBnUxkYzgUFX9VLKJ4mQoyEMShwqygqKWKjKEDYSiuk152payKTdvFZZCmSdauTXNyTs4ln/vhjxLc85D1n82BASAMcqcqfPDgeu+BWpmXzl3XUqNThWPJtHbc55MRUCSUNQeT78WwFnWKNsAAw6oYaUryFUrErOEYl+a0C8mU/o2iyvD6ZNwOdW6aYAIPn8z1PBBx7x88OX8k0iBvpgyCKIv3KiH3DoFBqlgMt9gA3sAaHCs5KK9anr425UhzUKrnjUqqK+SK1MhcoKxZNTLPHdwYdb1W76cvLGZMEVU43aigRRUON/po15Wp5cvtdeKzDQp/j+RUmAeVWp9I1NlZbaxYsPP6sjWEKtTv4h55KB58e/z84vDpM9m3WMmULNP5VA25tzTdrXYspPSvbiwYo7FWz8dHdxzfkxhaucx7O6DdGAEx0gfpgb7QywEvnwsoVPPAXlIa3H13BD0BItKwV7AKJcLO3hkSor01vwZ3xdR3Xev2wB/dguV/Ypg+PXiU+j10Lw84AVUgstfFVsr0t1MXV8ObN/l6rKKd4xkb2Bkd3fDitqzkV+/H0tW/IRITPqUO3pqIn/I8caaTJfx+ocBMwQXKkbbWJvn1ZKLwcypZeuf7p97cFO/u+VZteRjlzDBEN0FqchqWYS4aevE+bva6gZ/OLCOTtznKk8fr1gmfuCWuZTFbHrt0eH94a3f8O7X1UWLMfwEi3ITg9UEuXc1ahUxf/JUTM3Rm3kJ92AVR4CjAnnbLXC1z2OyTjT/0ehr3feRvfQxG+nNwgg2zEEV+ZHzV0Uu7u/rPTeIWwhhDtV/er3+iOf7MUGz7XtHMfg3CmzBWGpE/e153dK091j9+Df/hUOXLlyLPNXUf+tFiYTEzdQwVGNCWGpAbmcg5hrYx1j9+DWtQVFGaNwy2b3seieFXMfPHGKRIJ+xcYj4g8js7BiaSqMKhSmJuwTb/OoVoZy88nhjSF6eKhm7u6hiY+BP/gzDGsNa+7UG9665aurUtCiaUx/Rc/tDuD68kcRv/AvFKVJouQOXGAAAAAElFTkSuQmCC', 'iOgf7WXUU86', 'amet consectetuer adipiscing elit proin risus praesent lectus vestibulum quam sapien');
insert into User (User_ID, FirstName, LastName, Address, TelephoneNumber, Email, Photo, Password, PaymentMethod) values (5, 'Lorry', 'Faulkener', '70861 Delaware Point', '814-672-1555', 'lfaulkener4@canalblog.com', 'data:image/png;base64,iVBORw0KGgoAAAANSUhEUgAAABAAAAAQCAYAAAAf8/9hAAAABGdBTUEAAK/INwWK6QAAABl0RVh0U29mdHdhcmUAQWRvYmUgSW1hZ2VSZWFkeXHJZTwAAAJpSURBVDjLpZPLS5RhFMZ/7/eNM6Xf6GhYSeU0FUFGdMUWRdIiEqSgqDataldLwU3WXyC0jxYFEUFKbTIkyLCgoIhuRPcGC7LQHPPS5+f7vue0CCa70KLO8nDOj8N5nseoKv9TqV8b7oaJVGlXoVWEZlVQ4a4IfSqczO7SydnzZvYF7oZpUeGMaewomFwzmq4D9Wg8gi89IHnVVRThUO0eHfgN4PrNHs21XAoWHiQOMjwduMn8hpCqyPH2mWNhIU9DwwKSd90knwb21h/Qy2WA7Td1qgyGay5EEozjp4uUhko8vD2GKizJC4Xlgsk0EmbW8OXO4UkR8g0HdTQAUKE9yHdGmgZJivT3FKmpSWhpzbBlm7I0P8HN6wY3/gSfvKFyVWcknnaAAECENlO7GZkuoi5m++5avoMtYcoCsGXrCGoncWP3SeVWIp62sgoiNJGpRuIxXj+uBZMF84s8qqgbZXHdNSDBewplgAqxuuk03lGX30jlvOWYIPx5XzxTnx6h472gigjhjws8RWy8DtJURTHZBSsIUhU/AbxN8J+vYoJKxKewCa9n/6DXjjzApBsJkgHs1w/AbIcqdvwNfL5Iqnot8cggdobesoylS6ZehLfR5nOR2Be4qUHCXBsVuQ2gnmT4FjPvTxPOXYSp3snglSOTzrJs/TEdLhtp+KLZl6rf0T2ncS+EE7jSPXz8AXXTmFSWMLsOzzJKz69Setm3f0On9vxm5aHzZod4TlU1dRTS81YTVAQgDpd4poZe8vFOV9FZjm48rn1/zALA+7MmEk+HCK3e0+xmwFnuOkufs3RtOvGXMP1LfQPtZUr+1SCKsQAAAABJRU5ErkJggg==', 'MVoV0w0W', 'pellentesque ultrices phasellus id sapien in sapien iaculis congue vivamus metus arcu adipiscing molestie hendrerit at vulputate vitae nisl aenean');
insert into User (User_ID, FirstName, LastName, Address, TelephoneNumber, Email, Photo, Password, PaymentMethod) values (6, 'Kent', 'Freeland', '4075 Northport Court', '656-142-5622', 'kfreeland5@indiegogo.com', 'data:image/png;base64,iVBORw0KGgoAAAANSUhEUgAAABAAAAAQCAYAAAAf8/9hAAAABGdBTUEAAK/INwWK6QAAABl0RVh0U29mdHdhcmUAQWRvYmUgSW1hZ2VSZWFkeXHJZTwAAAJRSURBVDjL3VNNaJIBGBaCDnXqVlEQO0ixrE1a26G2uYU0tyVaA2lsHtS5HzuYhTkl0CHZmpT/0coO0UVS6AdrkCPFkC0am+ambea2GjOYuubmN9vG0/eNLl1s0K0XHnh53h8eXp6XBoD2L6D9Jwuqq6v3dnd3X9fr9Rmn0wmNRjMnk8kqSewn8wTFUTWqh+r9YwGTydzd1NTUbzKZkEqlkEgk4Pf7odVqv6jV6kA8Hl+nuGAwCNfgVcSeCjD9XI/xR2xM2ErbaeXl5RcUCsVyNBrNCAQCb2Nj46ZEIoHZbIZKpQKVU5xVWzu+OKzEcvgVkFtANvwMoYHzKUpBv06nIywWi5TL5e6pqanJ+Xw+jI2NIRAIwO12Q9lZQWSiNwuFry+w+O4O8hEPNmeDiDzuIGgMBqNLKpVm7Xb7NT6fP8RisX6y2WzweLxtKDrOIB3RYCsfRD4hQ3r0CqaeiBAebFsaNfPotGNkNDc3TxmNxqzL5Up7PB44HA7I5XLYDEJkIipsESGszQhBzLdiZbIXM47apY/Gc2XbR6TT6btI2WUcDicpFotXe3p6CBKFu3KmdfGD8vdwO4i5y/jxSY1pa91qxFBxuqgPvH0HLk6+URS28gEQSRHW59uwTCqZttXnYwNVR4oa6WHXYVHU24uJ1/fwbaQFa8lWpMdv4LOV9T1mrCr5qxNdt+uBlVnEHlzCcO9BvL/fAL/u1ELYUHl8R1buk5RuFEJWFEZMGNGz4BIfyg2pTpzc8S+0nN1H3BIe3fAZGjbeGuv8L5WMkmK/8AtkdLda3u0iOQAAAABJRU5ErkJggg==', 'sufsPxrZQZZ', 'amet sem fusce consequat nulla nisl nunc nisl duis bibendum felis sed interdum');
insert into User (User_ID, FirstName, LastName, Address, TelephoneNumber, Email, Photo, Password, PaymentMethod) values (7, 'Gordie', 'Pendergast', '51770 Forest Run Way', '752-647-8279', 'gpendergast6@elpais.com', 'data:image/png;base64,iVBORw0KGgoAAAANSUhEUgAAABAAAAAQCAYAAAAf8/9hAAAABGdBTUEAAK/INwWK6QAAABl0RVh0U29mdHdhcmUAQWRvYmUgSW1hZ2VSZWFkeXHJZTwAAAKESURBVDjLjZNPaJJhHMc9ddulU8ei/WkQRQwanbLD1JweDDaI/q2cDhQWOjGNwXTCBk5BbeRczZZjNx1sNWaBS802CNPDOpgo2y4h4kT8O53x7X2eoUvaYYcvPO/vfX6f5/P+3vdlAWBFo1FecGYYm5q7+Pz0Clgs1s0z5iJpvhYOh4vft0P4sR2A90kX6vX6mUIhGo3m3Orq6tCn6RF8mx+B93EXKpVKS0qlEorFYjP5fB5HR0fHgFYDPzYedP4HaEAaKRQKqNVqrQYbhhGEHFJs3O/E4eEhzcvlfWiW9vGCidq1B/XiHlRMiEUT0DTYOjZYH+xEtVqlIc1L/jRcTN5/SWNxMw2Fc5cCiFWLwfqkFF9fS/BxoIPSSf49dYxpVL5N4PmbBJ1BuVz+c6rB2r0OOiACaDwKCTmRPDtpzuVyyGazRQbQc2IwIUFwdhhrovZm89i7PSgWkhidT0DuiEM29wuyVz+RTqeRyWROmcGWH25hO7xeL8xmM5xOJ4xGI2KxGA4ODpo1k8kEl8uFtra2O02DD+PMl2h5Bq3gFqxWK1KpFJLJJAKBACwWCxwOB+LxOK2FQiG6h81mL7UYLMzNQq0YRWRnB1NTUxAKhZBIJLDZbNBqtXQtEAig1+spRKlUFk4MtGKMPeLBoJugADIwHo8Hn8+HSCSCYDAIj8cDLpdLXyMBMKBqi8HMtAFyiZgCdDod+vr6wOFwIBKJaMia1BoGUqk0Tw1UKtWl5f6rcAz04GE/hyqT01ZWVmC326FQKMDso2tSc7vddAZ8Pn+XRX5nkqGO87fHb1yYHLx+Wc+o/xaLxWWZTFaVy+U1Zli63t5eOXNdIjVyj+zp7u7m/wVntrWV38u6ZgAAAABJRU5ErkJggg==', 'mkbVu6mf', 'vel accumsan tellus nisi eu orci mauris lacinia sapien quis libero nullam sit amet turpis elementum ligula');
insert into User (User_ID, FirstName, LastName, Address, TelephoneNumber, Email, Photo, Password, PaymentMethod) values (8, 'Cindra', 'Apps', '573 Glendale Plaza', '644-610-0009', 'capps7@ow.ly', 'data:image/png;base64,iVBORw0KGgoAAAANSUhEUgAAABAAAAAQCAQAAAC1+jfqAAAABGdBTUEAAK/INwWK6QAAABl0RVh0U29mdHdhcmUAQWRvYmUgSW1hZ2VSZWFkeXHJZTwAAAC4SURBVCjPdZFbDsIgEEWnrsMm7oGGfZrohxvU+Iq1TyjU60Bf1pac4Yc5YS4ZAtGWBMk/drQBOVwJlZrWYkLhsB8UV9K0BUrPGy9cWbng2CtEEUmLGppPjRwpbixUKHBiZRS0p+ZGhvs4irNEvWD8heHpbsyDXznPhYFOyTjJc13olIqzZCHBouE0FRMUjA+s1gTjaRgVFpqRwC8mfoXPPEVPS7LbRaJL2y7bOifRCTEli3U7BMWgLzKlW/CuebZPAAAAAElFTkSuQmCC', 'qkeNQh6', 'sagittis nam congue risus semper porta volutpat quam pede lobortis ligula sit amet eleifend');
insert into User (User_ID, FirstName, LastName, Address, TelephoneNumber, Email, Photo, Password, PaymentMethod) values (9, 'Conny', 'Camacho', '03546 Kenwood Road', '327-643-6211', 'ccamacho8@hp.com', 'data:image/png;base64,iVBORw0KGgoAAAANSUhEUgAAABAAAAAQCAYAAAAf8/9hAAAABGdBTUEAAK/INwWK6QAAABl0RVh0U29mdHdhcmUAQWRvYmUgSW1hZ2VSZWFkeXHJZTwAAAHbSURBVDjLdVK9qhpREJ7j7vrLGlhRiaCFFikkT2BxQZs8Q7pgJ9rcVuIj3MYHSJdXUAj+FDa2wSaIIihcJVUs1t91c75z7yyLd+8Hw5k5M9/MnDkjXNclYDqdDhzHqV6vV5In4fTL5XLx68N6vV4DTyCBJD/EYrFxsVik8/lM9+AigGEYNBqNaL1e15rN5lDHpczasSyLttstRSIRj+QnQt9sNpRMJqlUKtFyuWzL66GYTCYP8Xh8XCgUaL/fqw5Y0C6IQgjSNE1VN02TEokEDQYDWq1WNV2+p5NOp9UbERSNRpVwdX8nOG+3Gx2PRyqXyzSfz9s6qhwOB9rtdmTbtkeAcAcgASgCW9d1ymQyyo8EVVSezWaqVSbjCaFQyEsAMvsBDFzeVXX+nnw+T6fTSQVDkBQ+fCnPATZ8sJmn87/LqaqKnIBnwglgc0cAYlQCOFKpFFUqFS+Yg2BzMMh+fy6X8xL0e73eF27pbuPebCRvKU4pfeFfFkar1focDod/Z7NZZcutu3W7XY0CIBqNhhvkIC1inzVLraXh/LOFY5tBYWqVsZr3WCwW8WK1ofTNr+/mOzEvCaDc469buHywHYN1GWQEPiFoBsDHr3+e5PHt1fzx/PPTY1Dcf079mla6MmR7AAAAAElFTkSuQmCC', 'xuj0RfikPJsR', 'ultrices mattis odio donec vitae nisi nam ultrices libero non mattis pulvinar nulla pede ullamcorper augue a');
insert into User (User_ID, FirstName, LastName, Address, TelephoneNumber, Email, Photo, Password, PaymentMethod) values (10, 'Querida', 'Restall', '0682 Mcguire Avenue', '339-379-5399', 'qrestall9@xrea.com', 'data:image/png;base64,iVBORw0KGgoAAAANSUhEUgAAABAAAAAQCAYAAAAf8/9hAAAABGdBTUEAAK/INwWK6QAAABl0RVh0U29mdHdhcmUAQWRvYmUgSW1hZ2VSZWFkeXHJZTwAAAHMSURBVDjLpZNNS1VRGIWf67HQ8MZVEtLserNIsk8JA0f1F8JZ/oRG9RNs3ESaNQscFQ5KCoIiopGhhFDgHZRgZEIRSN3PvddqcI5memZu2Ow1WQ/Pu+Et2OYgp4MDns7tcH9hY0dFNgZiBAyWkCEqzVFw71a58B8AYLD3MMZYYMAyMngXRILPm7X9BtHGzgoC29iZTQaSjGRiO2eEGFNFbKSsuJ31P6Qdtf8THZXSBVFC0Sk0iv7CCtcOPSDxFlEmhBxAEFlJmU2aC7HBaZ4zXBmn4tcoGgXvBygoK21D0nzSbxgsT3B0YJyB8I6euEbIA4TAv6JMiKJbGwyFVxSPlYhbTxm6NM1IWEBq5wBizMrp/I6i3HrB4NhNaCyz+GiOnlKdvvoSw8lKnkGqrAAxmlL7E2f6GhR7a6j5BSzi7/ecunGXiWSexdnJ4h6DTF1GsU2l9phS+QqqrWDVuTo1ilrf6Oqqcu7ydUKzdWePgVhdr7G6/ofk+0sqI+c5UvyBw08oJCzNVwGhRpX+s8PEZvv225kLY4W8bVycnfx6cXruRNKxhsOvdCF2TZ10j7L58QPVZzNPOvM2LDRbXcsPp+qWsbTreudFwvbxvyYHcoBEg0hXAAAAAElFTkSuQmCC', 'h1QXnvDQc', 'aliquam lacus morbi quis tortor id nulla ultrices aliquet maecenas leo odio condimentum id luctus nec molestie sed');

/*Población de datos de tabla de  categorias de usuarios*/

insert into UserCategory (UserCategory_ID, CategoryType, Description, Points) values (1, 'imperdiet et commodo vulputate justo in blandit ultrices enim lorem ipsum dolor sit', 'luctus tincidunt nulla mollis molestie lorem quisque ut erat curabitur gravida nisi at nibh in hac habitasse platea', 1);
insert into UserCategory (UserCategory_ID, CategoryType, Description, Points) values (2, 'justo pellentesque viverra pede ac diam cras pellentesque volutpat dui maecenas tristique est et tempus semper est', 'nisi vulputate nonummy maecenas tincidunt lacus at velit vivamus vel nulla eget eros', 2);
insert into UserCategory (UserCategory_ID, CategoryType, Description, Points) values (3, 'quis tortor id nulla ultrices aliquet maecenas leo odio condimentum id luctus nec molestie sed justo pellentesque viverra pede ac', 'amet diam in magna bibendum imperdiet nullam orci pede venenatis non sodales sed tincidunt eu felis fusce posuere felis', 3);
insert into UserCategory (UserCategory_ID, CategoryType, Description, Points) values (4, 'integer ac neque duis bibendum morbi non quam nec dui', 'nullam varius nulla facilisi cras non velit nec nisi vulputate nonummy maecenas tincidunt lacus at velit', 4);
insert into UserCategory (UserCategory_ID, CategoryType, Description, Points) values (5, 'suspendisse potenti nullam porttitor lacus at turpis donec posuere metus vitae ipsum aliquam non mauris morbi non lectus aliquam sit', 'ut nunc vestibulum ante ipsum primis in faucibus orci luctus et ultrices posuere cubilia', 5);
insert into UserCategory (UserCategory_ID, CategoryType, Description, Points) values (6, 'justo etiam pretium iaculis justo in hac habitasse platea dictumst etiam', 'sodales scelerisque mauris sit amet eros suspendisse accumsan tortor quis turpis sed ante', 6);
insert into UserCategory (UserCategory_ID, CategoryType, Description, Points) values (7, 'est congue elementum in hac habitasse platea dictumst morbi vestibulum velit id pretium iaculis diam erat', 'sit amet cursus id turpis integer aliquet massa id lobortis convallis', 7);
insert into UserCategory (UserCategory_ID, CategoryType, Description, Points) values (8, 'gravida nisi at nibh in hac habitasse platea dictumst aliquam augue quam', 'vitae nisl aenean lectus pellentesque eget nunc donec quis orci eget orci vehicula', 8);
insert into UserCategory (UserCategory_ID, CategoryType, Description, Points) values (9, 'augue vestibulum rutrum rutrum neque aenean auctor gravida sem praesent id massa id nisl venenatis lacinia aenean sit', 'lorem vitae mattis nibh ligula nec sem duis aliquam convallis nunc proin at turpis a pede posuere', 9);
insert into UserCategory (UserCategory_ID, CategoryType, Description, Points) values (10, 'vestibulum ante ipsum primis in faucibus orci luctus et ultrices posuere cubilia curae duis', 'orci eget orci vehicula condimentum curabitur in libero ut massa volutpat convallis morbi odio odio elementum eu interdum', 10);

/*Población de datos de tabla de  detalle del producto*/

insert into ProductDetail (ProductDetail_ID, Order_ID, Product_ID, Price, Quantity, Disccount) values (1, 1, 1, '$5.43', 1, 85);
insert into ProductDetail (ProductDetail_ID, Order_ID, Product_ID, Price, Quantity, Disccount) values (2, 2, 2, '$7.81', 2, 89);
insert into ProductDetail (ProductDetail_ID, Order_ID, Product_ID, Price, Quantity, Disccount) values (3, 3, 3, '$5.65', 3, 17);
insert into ProductDetail (ProductDetail_ID, Order_ID, Product_ID, Price, Quantity, Disccount) values (4, 4, 4, '$2.83', 4, 71);
insert into ProductDetail (ProductDetail_ID, Order_ID, Product_ID, Price, Quantity, Disccount) values (5, 5, 5, '$7.59', 5, 95);
insert into ProductDetail (ProductDetail_ID, Order_ID, Product_ID, Price, Quantity, Disccount) values (6, 6, 6, '$8.09', 6, 53);
insert into ProductDetail (ProductDetail_ID, Order_ID, Product_ID, Price, Quantity, Disccount) values (7, 7, 7, '$9.61', 7, 36);
insert into ProductDetail (ProductDetail_ID, Order_ID, Product_ID, Price, Quantity, Disccount) values (8, 8, 8, '$8.54', 8, 82);
insert into ProductDetail (ProductDetail_ID, Order_ID, Product_ID, Price, Quantity, Disccount) values (9, 9, 9, '$3.72', 9, 62);
insert into ProductDetail (ProductDetail_ID, Order_ID, Product_ID, Price, Quantity, Disccount) values (10, 10, 10, '$2.92', 10, 26);


/*Población de datos de tabla de producto*/

insert into Product (Product_ID, Category_ID, Supplier_ID, Price, Quantity, Disccount, Image) values (1, 1, 1, '$0.25', 1, 81, 'data:image/png;base64,iVBORw0KGgoAAAANSUhEUgAAABAAAAAQCAYAAAAf8/9hAAAABGdBTUEAAK/INwWK6QAAABl0RVh0U29mdHdhcmUAQWRvYmUgSW1hZ2VSZWFkeXHJZTwAAAMUSURBVDjLbZNLaFx1HIW/O5ln6jSZJE3SJE1L+pym1aSbirXoogah1KZUIYISRerCot34orjTBsQigt2I+EAEFwouRBMogdgniUmkIMZMpulMY2eaSdqYed659/5/PxelXWjO+vBtvnMsVWWtzP78TDciH6hoVEXeih8b/n2tnvVfQGL4aLOKvqEiJxu3Hqs3lWXupkaLKvqZGvl4z8BoZk3A3Eh/QFVfUpG3o+1921riz+ITQzE7SSBUQy45xj9/T6VV5KyKfNEzeKnyAJAY6e9D9L1QrOdgy67jhGPbQR28lTlujJ1h0+4D+Go3Uy0tsZicorA0M67GnNl3Yvwna3b46FeIDDZtG7DCDXuxC8usLs1gnCJuKUvIqtLauRPsFWoe6sQXjpLPJlhMTlFeSX/nVyMv7Dh0znILyxSzY4iTJ1ReopzPkl+4xb6BTwlE1kEphZaSWPkEjW0PU9cA07/MP+dXkZJi1QXDIaINnVSW/qQ2Vk99LEKEMtg3wQTBvgWVBcq3xymmrhDechw1UvKrCAhgBQnUbScQimLnJpFijkANWOXr4FPemfiBlWqV97e0QDCEuh4qgk+NcM+DAa2Cfx3h5l6CDXHC0Vrk9nlW0z9iey4dTXFOzaaQso04HmoMfjXmnlA1IC5IGbTKmxPfg7o44uJ4HhtjO4i37qdgl3h5fpxvmx5HjeBXkYgvEAAi4N0BqYLYeOLwVPcgRgUjBkHJrC6wt+MARafCkYtDfCTtYb8auTB/4ZNDbbueJhLrAM2AcxfbczAqpO/M4YqHJy6ucclXC/RsOkjRLXPixuWgT4w5XFi49OpfI6eT6YlvMAQhuhPbs/GMR8v6TlrXb2ZjXReBmggbou1ML1zm2vWri4elfsODKU9/vr9ZRU6pkdfaHumvf/2Pr7EdB0ccbM+hq3E3j3b1MXnzCr8mzs+UPe3NDGn1f2f67Vxvtxo5rSLPb33iFauSS5GZucbJ0sXqns4nQ2OJ0SlHeCwzpM6ab7yfq2e7+1TkXUSCKvLhi3bySyM1TRUxgdyQevd7/wI8lcwGoqfWawAAAABJRU5ErkJggg==');
insert into Product (Product_ID, Category_ID, Supplier_ID, Price, Quantity, Disccount, Image) values (2, 2, 2, '$8.01', 2, 75, 'data:image/png;base64,iVBORw0KGgoAAAANSUhEUgAAABAAAAAQCAYAAAAf8/9hAAAABGdBTUEAAK/INwWK6QAAABl0RVh0U29mdHdhcmUAQWRvYmUgSW1hZ2VSZWFkeXHJZTwAAAGsSURBVDjLpZIxixNRFIW/kVHQQlwEQdgUdkkgTX6BkMIi/yJY5geE/ISAZIuUSb9lgnYWNsraaOkkTSSz6MLWJhmY9+7ZIm8mCUYLvfDg8d49h3POvZEk/qdigMFgkEqqSEp6vV79b4But/shz/OXzrlkMpnU4/BeabfbzGaz2pt3NzIJAd4DAplhAm+w3W7pdDqMRqNaqcB7/3U6nTbjR095fnYfGQiQCRPogOT2yTnD4RDn3CeAqMhg8Panzs8e7AAGkpDApJLITJiJ5U3GoPMiKhUQ5HoDJMwCsLjbMUnu7ThEAHnbNQrMDBkBYCWwIHTuBIEzMC8sNO2ai7vtlQjM6XcCc4Y3lT514FnBUqHEnSJwDry30v8xyV6RBM5OWfAe7+OQegAqjPIgQEl4f1LB7qOUa2DB++E4FbIqKpJEq9VK8zyvPHz8jFedi6PED6VL4vLiNd+Tz3jvkyzL6vcAsiyr9Pt9bn8sWVyvWVxvmKdrFqtfzNM189WGZLUmSTcsv10xHo9xztV285doNptfGo2GVavVK4UF+tOJ4/h9FEUCPkrar/K/1h35Nbw8S+DdbwAAAABJRU5ErkJggg==');
insert into Product (Product_ID, Category_ID, Supplier_ID, Price, Quantity, Disccount, Image) values (3, 3, 3, '$3.52', 3, 21, 'data:image/png;base64,iVBORw0KGgoAAAANSUhEUgAAABAAAAAQCAQAAAC1+jfqAAAABGdBTUEAAK/INwWK6QAAABl0RVh0U29mdHdhcmUAQWRvYmUgSW1hZ2VSZWFkeXHJZTwAAABjSURBVCjPY/zPgB8wMVCqgAVElP//x/AHDH+D4S8w/sWwl5GBgfE/MSZAQNL/31CdMHiGaBNS/yPbjIC3SHSD+3+EXoh5z4k2wfs/qt2/ofAziW7Q+v8brhsSrn+IMYFgZAEAE0hMH/VkcbsAAAAASUVORK5CYII=');
insert into Product (Product_ID, Category_ID, Supplier_ID, Price, Quantity, Disccount, Image) values (4, 4, 4, '$9.33', 4, 85, 'data:image/png;base64,iVBORw0KGgoAAAANSUhEUgAAABAAAAAQCAYAAAAf8/9hAAAABGdBTUEAAK/INwWK6QAAABl0RVh0U29mdHdhcmUAQWRvYmUgSW1hZ2VSZWFkeXHJZTwAAALcSURBVDjLbZNrSFNxGIcPCJNBIAQRISRGYQWF0g27OJgQVmQFmpViZHhLaiaGeCtTQ1OW09QtS83NiR2XF0bZZZjKXNYq8kMUBX7qU30JIsM68+ldUpH64eXA4f/83ud9z/krgPJfjbVFSZkZsb5grEXDY9F4WP+C4Stm+i9GLTy/EC4QcIZnvTA1JOWG14Mw4YDRFnBdmEHNL1gcMNamY/TGMJPd8Molh61wvxbpCoPl0F8EQxdh5BoMlMDN1GGsybp/ASNWC88EDgY8rNcENIqu/m8nZ54ee6aRjnQNl4Q5csGy3zwfMNKyiSdNGpM90rFGY7AigoHSZaJbLbo+unN92DOqsR1fxo2kCK4f1FBlijqDRu3OjQqPzRa8HaJnCeoaGSgKp69gmntV0JsPPWfkeR5sh6dp2hdOvdEoIXArDapjzIrovsPXPT+bq1Avun24LyO6Km3HDDQfNoiuiiNLusb1URerp3ILYgYlUW8U0Z3FJ1tW84MvQ0R3BkcOomvw+/2JXq93o+gaiuyxZHbGQMXmEErXg/OsBKz5oojuLN52WUxmcLt6bClB3U/0mnYL/NPj8fygNSnhXHtM4LL7BCk2gUvWzo9WFvlVke1+4O4FRHdGdHWiGxfcrsm5B1N3LLn2bWS0R8+VDSSj+hsp7DtEQsNK5mq3BgNkBNtxk+hmyWLC/nw26bw8z7GDwVet3H3Z/Bvs9VuweArpelpHjnMv22tCtUBZ5FFl0a8sJdqtp2XeIHztkYmrD/K4cj+LCvcpKu9lYxuvIu32btZdUmaXgqPdbncg9eYG7jy34Jw00+Wro2OiVkLOYB2vJMuZQGS58ja8WNEvChDYo6rq9yPWNXP7GsMD8Q0rArvqw+bSO3fSOlZBhmMvEeXK1KpiJXTRZRL4gMAf7XZ72cLgzVW6bye74llbEvpeYN2St1HgNoETl9qLKH9eXRrC6ZyMg9nZ2SF/3v8CIIKyHGFPw/kAAAAASUVORK5CYII=');
insert into Product (Product_ID, Category_ID, Supplier_ID, Price, Quantity, Disccount, Image) values (5, 5, 5, '$8.23', 5, 66, 'data:image/png;base64,iVBORw0KGgoAAAANSUhEUgAAABAAAAAQCAYAAAAf8/9hAAAABGdBTUEAAK/INwWK6QAAABl0RVh0U29mdHdhcmUAQWRvYmUgSW1hZ2VSZWFkeXHJZTwAAALBSURBVDjLbVNLSFRRGP7uw3lpw5TaNCZ5R6eEhIhahBFRoIsetEgJImhRUBQTUpCLFhK5dN8ycDESLSqCULLoSVZYDZYDTo7TOCTJTOk4zeu+Tv+5OjZWB37uOf/5/+9833fOFRhjqBxDQ0M1pmleNQyjnWIDBSh+Uozpuj7Q09Pzq7JeqAQIhUI7qfluQ0OD3+12QxRF0BrFYhGpVApxGgR0vLe3N/wPADXX0ObHlpaWgKqqSCaTyOVy/HTIsgyv12vVRSKRacrt6OvrK/C1WEai5AWfzxfQNA3RaHQmm80qNLfx4POpqak5DkzsAiQlWO6TyxNKtrtcLsRiMVDT0WAwmKiQmujv7+9IJBIRRVGs2v8B1HPNdBqfx/HX4DnOjtcQ2/o1Hsy+OsPGYq2YzzgtzcfaxiExDczQwfTl0DQDg+FdlqlexwKObB5H67kPwjIDAunuOgiBLBEkJ30PAaZA/Bx8kwzSYOhZ3OjMUV6zWqZvv/4jgZ/EC/X0Hcj2OghCDRVWAU4PpU0gn4Gx9AVq4RtMPQ+nPwimlioAiCJMfpKKxcn3pLManu17kRwZoP6N2LK/E/H7z5GemEExnYFc/xZ2zxoAzZLBiKqndRtEWx25Y8IoGfiUdkJ8+gbqoozdp6/B7m9DYeIRIi9HMdpRdcl6B4zcZcywtC58DhOLd/RCdJhFE6VCCfGRxwgc6IYj9gzC4Em4Zu5BaaoFE9hluQzAtTKS4NmqQHLVEoCK5lPn0azpeHJiGI5NfuDwldVrla/7IJmCsgKgkgcmGcQ9mCSAdYCDjJRtlNchue3Ihx+i+sFFYvQdeerJLkkwJMytAnAJ9sazcDZJEGz25SsU6SZMA81ddYi8GEbjeidkqQrZlI6v8wLdG7tpPaTorT2MG2l5YT0cbSX01a/6Q0ZmdgGgX4g5GBwehn0hQ/gNd0qgkPVltHcAAAAASUVORK5CYII=');
insert into Product (Product_ID, Category_ID, Supplier_ID, Price, Quantity, Disccount, Image) values (6, 6, 6, '$3.32', 6, 91, 'data:image/png;base64,iVBORw0KGgoAAAANSUhEUgAAABAAAAAQCAYAAAAf8/9hAAAABGdBTUEAAK/INwWK6QAAABl0RVh0U29mdHdhcmUAQWRvYmUgSW1hZ2VSZWFkeXHJZTwAAAJvSURBVDjLpZM5aFRRGIW/+2bmZYzJTEzMuCbRGIjRiAsYEIKNIoIiWGgluCCChZ3aCyJqK6hFxMLCpbKxERE3DIpFEgtjonGJYSYzMcYsb7nvvvtbTMC9yil/OB8/nHOUiDAXOcxRcwYkAQbube5JZ9asUepXnhBOvR+OzcQWIPzNpQCYad392iQBlDirGzqvp5RSIGUzSmGCsebRnjPDMnsFSLgZkTgqTucfngLuJAEwEmB1RVi4QqwT4GRQqpr00m0s7bjgIgJYvPwjvjy5SaJqXaM/tvB23+X2dBkQKUesJtYuYgXrfyaaGWW6+IhUeglIhJkZxPjLWbzuANmVG5n40Er//a6LZYCStDU+2gPRM0RTk1SvPki6rg1Q+IX7SFKRWb6R8fdvcJWmOrOYqrrG7OwHDsl5OWrajgIWRBAsVo/gDXdhojTZ5p2E+Vu4lYpPPf2Y0Bff89fPAkQkDrBeHxJ/R+IpxEzgjfUiUkW2ZRfByFUc15CqamK+/YhHKWo/0T1Qzi1ExBpsVMLqElaPUhh4RuBXkm3ZQzByBScVoSdXUHrSTW3nIRwT259F0iKKGDHjiPlK8d1LPL+O3Npd6EIXCVcIJ5soPe2mZm2eivoGML8USbT9ZryvldG0Wz3UN+gkKpZhVI7860ssyLkE4w18e/GK2g2rSKRbiYNARNvwJyAILw5d3duBsL3fydXvO36Nt7dOMvD0ORWN67GlflmYMrr4uCAIoJ5prNwoB/jHGs8ea49OHzmexInpeXCXTx8Gp7P1tZ07zvX2/msLfwH2b631NzUvSna0rURS4XO/WDq8+3zf0P/G9AOyUDsBCTaamwAAAABJRU5ErkJggg==');
insert into Product (Product_ID, Category_ID, Supplier_ID, Price, Quantity, Disccount, Image) values (7, 7, 7, '$1.42', 7, 19, 'data:image/png;base64,iVBORw0KGgoAAAANSUhEUgAAABAAAAAQCAYAAAAf8/9hAAAABGdBTUEAAK/INwWK6QAAABl0RVh0U29mdHdhcmUAQWRvYmUgSW1hZ2VSZWFkeXHJZTwAAAIsSURBVDjLpZPNbhJRFMf/w9fwNUiVlZWPncSmqemm7FjZaGJcsdCkS17AJ8AH6BvU6BKfgFIXLqArTQngSoPUDSGEhAUCLQN3xnPOMLSJGBdOcnK45J7f+Z//vVezbRv/8/luLxqNxvvlcnm0WCx8lEFZwjRNzh8KhcKrjYBWq3WHCt7G4/GCrocxpyJYFkQbKdzaiuPs7PQlrf4ENJvNp1ycSCS2I5EILn/2wN0ty4ZlWwSyoQg2n883j0CbT1OplCyurq6xoOKvrQsCWOt4cvhMxtgI4BkDgQDG47HTWSk82nks3e1Vdzb6rwqYrKiIN/GBsPRW8wtlJd35ixl5JJNJVKvVIf0XpP0/KH+kfCIKHK9sATFgZ3dfuosH9gJGNIx8Po9oNJrweDyYTqd7g8Fgr91uv/C4szkKWDJBlDP70LjEtZoik8lA1/W1bB6ZFVHDhwJYF6sb4xj07tsJzKUp3vR6PQyHQ/T7fVBnuR+s2MPmuLeRJcvxWU5+fe8NQlpYOrJ0PubRaIRgMIhYLCYAMZE3eL1eZ27FrhOAVdEathK4O6rrGX+sjBV8rtfrmEwmMAwDwZBON1ATkFoZ627m36trfQMoFosHnU7neaVSuTg/r0EPaMikHyCV2kY6eZ/tFfmscjabwe/3IxQKCYDH126/xlKpdEj0Y4pd9zFls1nkcjmk0+m1F6yi2+2iVqt91/71nMvlcoCkFymOKO4S2EedfxHkE8Xxb6/5rMKMZgtBAAAAAElFTkSuQmCC');
insert into Product (Product_ID, Category_ID, Supplier_ID, Price, Quantity, Disccount, Image) values (8, 8, 8, '$3.01', 8, 11, 'data:image/png;base64,iVBORw0KGgoAAAANSUhEUgAAABAAAAAQCAYAAAAf8/9hAAAABGdBTUEAAK/INwWK6QAAABl0RVh0U29mdHdhcmUAQWRvYmUgSW1hZ2VSZWFkeXHJZTwAAAJzSURBVDjLpZNLbxJRFMf7AfwEfA5YunTDTnwk3RlfMWFj4qKpKyfV2EVjhMwAUUyb1gYqCdWgQmqkRToFaRoLBcoUEGiB8hoQpgzPcpxzgREfO2/y39yc/++87p0CgKlJXTKCQpJKklrS9Ejq0Z3iz/hJ4wVJyofrda1954Tx78fZg8ghHwpH+e29GPvGk2JmbFUtxmDsb4CR+aLVm6dCh0muUKmDIHahdz4gajQ7kCtWwbcX5hY3khTGjiFjgBLN4dh3odXuAR6x04eq0AVe0lm7T+4EsQPbgaBgdh4hREkA2BeWjZnHZsduCYo/OlCoDZWvtSFXbcuQjU0fd3+1gO0oEKCys8cMlo2nXO/A1SdeeBcoymbNnAfuGiOkGjyx1CnQNj+DXgSofd+OWOwZS0XTlcdeSR5Y9xchy7ckwBYBVBpdqDd7UKqJsLT2nkUvAqaDBxEeh4UBCMCMqOvzfmCcGdBQW3DHECbVnVRa0Omdw6pljUcvAeyHwgSAAdgrmq893SGZDa5juPzIDbeZISBTbklVdGFp+bUMUH/ZjbI1oQ0NsUcyELOUFStKFUUJ8JkAcLC4mXi2BrTZIregsrgTTCZXgcEASAYN5SbmZEEkQvNNOkza6/YHsPk1CpTpozxExQNrWev2Bji+3pI3gcbEaRPi+aa8TjQnpOz6FyvcLVN8uMbxQ6LfhijHJ69QqJ6RSmpnPVJNuiSS9aE5nq2CzmwVZmnnr4c0+ZQXLAFqxebg/MEEZAp1MhPsOZrmweUNwQK9yM3oP/z9lCc/071Xae3cSxfzzLjM0gYT/1zP8PM6MzurszM3mNi/P9P/fOefb4UIeuRftTUAAAAASUVORK5CYII=');
insert into Product (Product_ID, Category_ID, Supplier_ID, Price, Quantity, Disccount, Image) values (9, 9, 9, '$0.27', 9, 35, 'data:image/png;base64,iVBORw0KGgoAAAANSUhEUgAAABAAAAAQCAYAAAAf8/9hAAAABGdBTUEAAK/INwWK6QAAABl0RVh0U29mdHdhcmUAQWRvYmUgSW1hZ2VSZWFkeXHJZTwAAAJySURBVDjLjVJNa1NBFD3vvXxhWprShrSxbTbGYEs2hUoXBaELaTaCICEQJd2Im+JfcF2EUgT/gH8gKymIttkIIlRS3dgs4kfSpMFUmqRJXvI+xnsnJiZ2oZc3794Zzpx7zswoQggcHx8L27bBw7IsOUzTHOThYRjGIMfjccUBCgYGg3M4r9cBIkTvk7WQSQxqzpOTPuztveQZBgTntRoeP3uL/4mnj1bQ7Xb/ELCkHj0wN7+AsSsuzPu98Lgd0A0Bw7RhWNSIMO/eZyFsgU6nI/Eq/9iPlEmhKApauonTcx2tjiUdmbSzSyQds4fhtREFTGD39REBkzRaJmzRgc/rhMOhQaWu4jeBLezLBHQNvf1DJO2uha5hw0uWNE2FqvR6MPYSAYYs8JAkDGZLZEVRRW9dKvjLAk9UTR4Hvn398s9b0MhSn0Dhw0un02Jl5SbqjQbabZ0e1mcUC9/h9/tRLp/iWvg6Qgsh7O+/xsxMANXqGYrFArLZ7FhfwU4mc3BL13Xl6OjoajgcDqRSKTSbTQIWkclkGp8+Zp3JZNLtcrmUcrmMw0MX8vn8E6V/fRzLy8t31tfXXyQ3Nyee7+6eVSqVqdnZWUSjUfCmarWKUqlkjY+Pv9ra2oqR8po67M3tdt+eoOD6/oPUFD+WRCKBtbU1xGIxbGxs4OLiok1xjzEEdTuGCXw+H6irrDMHb2Te3t6G1+uVNVtSVdWjaVqa5ycnJ/qIhcXFxRtLS0sfVldXPcFgEB6PRxLmcjlWh1AohEAgwE//Z6FQUOlsTkcIIpGIRp6j1DFNBH7apPFzJ+8PueH09DR3dpI1i87iBym6+wuQ3GjC/VvaWwAAAABJRU5ErkJggg==');
insert into Product (Product_ID, Category_ID, Supplier_ID, Price, Quantity, Disccount, Image) values (10, 10, 10, '$1.26', 10, 35, 'data:image/png;base64,iVBORw0KGgoAAAANSUhEUgAAABAAAAAQCAQAAAC1+jfqAAAABGdBTUEAAK/INwWK6QAAABl0RVh0U29mdHdhcmUAQWRvYmUgSW1hZ2VSZWFkeXHJZTwAAAFDSURBVCjPfdBLSkIBFIfxM3Aj7sCho9yKi3AJdwUiYk/LTMyyuohZYmKZkD0uptUlDSt8BWVmPuB2ka+BYdog/sPvNzgcQf6fIDlL1nHiygTS+VQzaRwaiWY8Hwuorh3HtgURJKtcUkJHR+cOHZ1bNHLsE1EQQY7p06RMEY0LLtAoUaZFhzCIIBnjkR4fdHinzQvPPFCjh0bIQARJz6XMMj06vNLkkXuqfKKxYa7PIYIgSfuBqdOjxQNFbulO8g9A4vaYeUOXa7SZPAGIat81C7zR5WoqTwEkat8afdFnY/SbZwCyGS1zTiD455PjbVnDztBllVNWcyvOJesM2LZF8ntkSFAngUoMP7681zYBkfYNBgMaNKjzwgCDIzytCQgrKmdUqDFkyBMF9lnArUzdELStKf7scmWReXxVb9ajuG3j8g3ex2UlnmJ3nQAAAABJRU5ErkJggg==');

/*Población de datos de tabla de producto*/

insert into ProductCategory (ProductCategory_ID, CategoryType, Description, Image) values (1, 'ligula nec sem duis aliquam convallis nunc proin at turpis', 'congue vivamus metus arcu adipiscing molestie hendrerit at vulputate vitae nisl aenean lectus pellentesque eget nunc donec', 'data:image/png;base64,iVBORw0KGgoAAAANSUhEUgAAABAAAAAQCAYAAAAf8/9hAAAABGdBTUEAAK/INwWK6QAAABl0RVh0U29mdHdhcmUAQWRvYmUgSW1hZ2VSZWFkeXHJZTwAAAJMSURBVDjL3ZJfaJJRGMaFYBdF910XSSukaRdFF7Mxkpozc0UI1UXksNQ7V0O0QocshElqTYL4ilhjzE0oahT4ZToHFWUb5Za5zyWNsk3dYNvxX/R0zgJZsHXTXQdezuE9z/N73/dwRABE/xKi/wjQ2Ni4xWAwXHI6nQWO42Cz2TImk2k/jW30LLAcu2Mapv0DIJPJ6lpbW10ejwfZbBaCICASicBut6etVms0mUyWWC4Wi4FpmJZ5agCpVHrMbDYvJhKJglarHVEqlT/a29vh9XphsVjg7jqP8APtzws6bWhgYCDDtMyztgOXw+Eo+nw+vVqt3iyXy5d4nkc8HsdoNITEUz3yqQAmH53yMA3TMk8NIJFILur1+oXe3t6Otra2Z01NTRWFQgGNRoNbXScwP9WH6vI0JgKa6jBn8zAt89QA9XSpVKqpnp6ehcHBwXwwGITf74fDZsJ44CRK849R+upGQXiC8N0zleNq1UfmqQHEYvEm2nZDS0vLjE6nWzYajUWTyVgO31GP5ZJDKH1xIHp9Hyr5IcS5ZvTbD5mZ56//4H3/0SMzvBXlufsg0+cQ7ZaimOnEYnoEr28enHzlObB1Q8D4vcN177jmNwv04YqfO7DySfs7UmfpKDeQiXgx5pJd3RDw9rbcmIm6Uc76V6uvpE7TEWSrO0kbQL49RLRL8j1i37N7XQBtb5bkBJQLPEpz9A3mAmtiGNWlD5h92YfnVnFgXQBtLxfrbiCjzr2EViK0EnlxrZ6Er+wi1ER4y07Cd+4gocvbR38Bt2OvTVFKHBsAAAAASUVORK5CYII=');
insert into ProductCategory (ProductCategory_ID, CategoryType, Description, Image) values (2, 'porttitor pede justo eu massa donec dapibus duis at velit eu est congue elementum in hac habitasse platea', 'sit amet nulla quisque arcu libero rutrum ac lobortis vel dapibus', 'data:image/png;base64,iVBORw0KGgoAAAANSUhEUgAAABAAAAAQCAYAAAAf8/9hAAAABGdBTUEAAK/INwWK6QAAABl0RVh0U29mdHdhcmUAQWRvYmUgSW1hZ2VSZWFkeXHJZTwAAAIhSURBVDjLlZPrThNRFIWJicmJz6BWiYbIkYDEG0JbBiitDQgm0PuFXqSAtKXtpE2hNuoPTXwSnwtExd6w0pl2OtPlrphKLSXhx07OZM769qy19wwAGLhM1ddC184+d18QMzoq3lfsD3LZ7Y3XbE5DL6Atzuyilc5Ciyd7IHVfgNcDYTQ2tvDr5crn6uLSvX+Av2Lk36FFpSVENDe3OxDZu8apO5rROJDLo30+Nlvj5RnTlVNAKs1aCVFr7b4BPn6Cls21AWgEQlz2+Dl1h7IdA+i97A/geP65WhbmrnZZ0GIJpr6OqZqYAd5/gJpKox4Mg7pD2YoC2b0/54rJQuJZdm6Izcgma4TW1WZ0h+y8BfbyJMwBmSxkjw+VObNanp5h/adwGhaTXF4NWbLj9gEONyCmUZmd10pGgf1/vwcgOT3tUQE0DdicwIod2EmSbwsKE1P8QoDkcHPJ5YESjgBJkYQpIEZ2KEB51Y6y3ojvY+P8XEDN7uKS0w0ltA7QGCWHCxSWWpwyaCeLy0BkA7UXyyg8fIzDoWHeBaDN4tQdSvAVdU1Aok+nsNTipIEVnkywo/FHatVkBoIhnFisOBoZxcGtQd4B0GYJNZsDSiAEadUBCkstPtN3Avs2Msa+Dt9XfxoFSNYF/Bh9gP0bOqHLAm2WUF1YQskwrVFYPWkf3h1iXwbvqGfFPSGW9Eah8HSS9fuZDnS32f71m8KFY7xs/QZyu6TH2+2+FAAAAABJRU5ErkJggg==');
insert into ProductCategory (ProductCategory_ID, CategoryType, Description, Image) values (3, 'eu interdum eu tincidunt in leo maecenas pulvinar lobortis est phasellus sit amet erat nulla tempus vivamus in', 'porttitor id consequat in consequat ut nulla sed accumsan felis ut at dolor', 'data:image/png;base64,iVBORw0KGgoAAAANSUhEUgAAABAAAAAQCAYAAAAf8/9hAAAABGdBTUEAAK/INwWK6QAAABl0RVh0U29mdHdhcmUAQWRvYmUgSW1hZ2VSZWFkeXHJZTwAAAJ1SURBVDjLpZPvSxNhAMf9M+pF4AuV1DU3cBvoLLexzbWJbdEGuWRnm256m9MCxQwdBFppi2QQVBLWu8owYuipCPmjYIqnnVMWsjWpF1mvoksH7ttzvrD09FUHD8/d8Xw+99z3e5cDIOd/xv5Ja2sr19LS8tPv928ct9hms8Wrq6t3TCbTmkhA4G2aph/5fD44HI4jB4FRVVU1oNPpVkUCAoPAPzweT4ZmvvDXJ7/zgbEt3hvd4hdjPfy3tR7eaDRmtFrtQkVFBUQCr9e7TOBbFEVxyulu+OY2EHwHNE4DL2Mj2El5odFo4mq1mlapVKxI4Ha7ky6Xa8bpdLL62RpIGDNcU+uoZwDPOHBz4hPKy8tXlErljFwuT4oEBE4QeJi865IzVoPONQealrWoex/EhbEozo3EQGCWwMMSiSQhEtTW1nIEDpGkF4fSbXi+2YWnmx2IpK4i8vkyBtOXIJPJ2OLi4lBBQQEnEtjt9rTVamVJFse2UFRUxOfn57O5ublpkYDAnMViCZGkFwLz22j/ALTNAfQssLT+EK+nOtEctu823KuBvfvsrqlD2nVAYDabEwaDYZgkvXS4hTuvuhF6QeEtFwH7lUF4ogmO8Bmomk/27wv0en2ysrJyhiQtauHK7fMY/Xgfo/EHQv/on/QgPNkoCH7vCwjMEpgmSa8ebsFyQ44o9xj/Hm9WIoLg73deVlYGhUIxT5L+9SQZyD5LtWeHUteygxt1WXXwFO4y9ehlXHtw77hLvIPS0tJMSUkJRSSi9A2UChf7T2OAce89WZiF6wMZSKXS9cLCwkxeXt7CUX8iWdynaDyxK2xb0bA39wn3/wBLOHSjT9MDogAAAABJRU5ErkJggg==');
insert into ProductCategory (ProductCategory_ID, CategoryType, Description, Image) values (4, 'ridiculus mus vivamus vestibulum sagittis sapien cum sociis natoque penatibus et magnis dis parturient montes nascetur ridiculus', 'arcu sed augue aliquam erat volutpat in congue etiam justo etiam pretium iaculis justo in hac habitasse platea dictumst', 'data:image/png;base64,iVBORw0KGgoAAAANSUhEUgAAABAAAAAQCAYAAAAf8/9hAAAABGdBTUEAAK/INwWK6QAAABl0RVh0U29mdHdhcmUAQWRvYmUgSW1hZ2VSZWFkeXHJZTwAAALjSURBVDjLfZNfSN11FMA/3/v7ea/36prXWWirTZdlKtiC6CGi4BLVCqJB2/BFNmKMfInVQw8RK4lVD/VoEL2UWL0Za8HQJHNL5ya17lZz4aItXb957/V6r9v13t/3z+nBNBm0A4dzXs7n/FciAsCz747LgRdambyyiDOCtQ5rHc46jHE8ft8W+gd/Yrr/JcUG8dccZy3OCUb/G2hWrTWraoxgjeVWiaw569m0xYSW9qrT9NxxFB1atLarwNsBnLHcLGnu3hRDh5ZU4mseqb9Mo8xw7+Y4N0oVrL1tBbbv7PnrNMR8OpNFdkTTROpTPFU7yl01UaZ+nsMZ2/e/gPEPdh258Humbyod8Gjie/ymPUTqHqMzMsKZc1c4fynouzi4/8itABWe2hYX8drEiecE3vqx59ChrhMHt3UdhEiU8OpXDJz0vtnXkX5HJIJzgtWlTNOehasAqjLWOCeJ9q0iICKIEyLJJyCxHdF5RBfQuTS2tICgcFoTLv9JuJjtaXlFBnyTC3pdEAx6Hb21/tZuJAxwYR6ns2BLoBxVd+4k6m/CGU1h+gvy09ljxBgCUCJCYUC1Osvx6IO727x7XkTC64i5ibgSYldAeQTfTRP88AuVpbJYT+aA/qeHzftq7RLzX6paB5/HH3pjt4rV40wesSVwZTKT8yxfyvJAai+xlk5W0sP8dnLE5mcuHl7fQrJbbqh4zYguzCIKEIdCgVj+Gp3k/tReqi+PoT7rJvHHEM3bt3ii5LC/cSVC9fNVyZ0o5eOMQS9dI9rQjM4WqW5sgede++8H3m7Cc6p5HZAbaog7IeXVdVA48yG5iYlZFKdq2lr3e3UJSue+peZYL5WVgBKwXPSwHtc2XKJ5UtXuiGeOv05mbOITo3m4/T05sDQzu6u6nuVfT4/zdzlO0asiv6iYnVdWoH99iPOfqpfLC7xZztLb+ZGc2Nja1KtqcyWTHC3nil2eUb71ZF7g42eGzdF/AONCmjwFNk4lAAAAAElFTkSuQmCC');
insert into ProductCategory (ProductCategory_ID, CategoryType, Description, Image) values (5, 'nibh fusce lacus purus aliquet at feugiat non pretium quis lectus suspendisse potenti in eleifend quam a odio', 'nisi at nibh in hac habitasse platea dictumst aliquam augue quam sollicitudin vitae consectetuer eget rutrum at lorem integer', 'data:image/png;base64,iVBORw0KGgoAAAANSUhEUgAAABAAAAAQCAYAAAAf8/9hAAAABGdBTUEAAK/INwWK6QAAABl0RVh0U29mdHdhcmUAQWRvYmUgSW1hZ2VSZWFkeXHJZTwAAAJISURBVDjLpZPfa1JhGMftuqvC41l1Hf0JrTtvuyropp8QOdCFWYJgoNC0yOwiiTFtYGCIhBXTs61yc7ZdzAhHiLpTFi21+fP4Y66ZLld9e1/rCIdVBLt4eJ/n8H6+3+9zDkcGQLaTkgzt+YEDYt+KsI/Efj3M7v4vgdaLgeMEbG/Msfs+h1nQZ83ZX+c/BQh0aCPCCrSn4Pos++NL8gzWZtj3jZCiJ1B7pghXnyp2/TUBiVmjbhTcKo+ju3ob3cJdEEgQphWoTCkm/5iAgCoKErexzoer+Jq7ic7bi+jwF7D5Tofup1toLp1AiWNUxSBzuBBg9mxLQGKyjchB4jhK4GF0ls+jkzqHdvIUmYfQyV5HPsB8W52Qn96WgOx2jMRstJaHifuN3/BZAp9E5fUV8C/HsBDh8Jx7sDX15F7Q5/MpJQJkv71kP2V5klnr5u9g880Q2gkKX8arhYfIZDKo1WqoVqtIp9Pw3HfxLpdLKVmhyDHXCkEGwpIKmZQPsUUO85Fp5HI5NBoNCIKASqWCer2OZDIJh8MxLhHITzCj9EzNXMLKykrPkV6mZ7lcRqlU6hXtqaDNZvtusVg8JpNpsL9L9rH86OKctx+XOoogrWKx2CtRJBaLwWAwePoCH/3yI6FQiKewKECj06KQWGISaqTT6ZqST8Jx3AjdkV6gbqlUColEou8ej8d7MzWIRqPQaDQeiYDf79/v9XpH3G4373Q6efKyPHa73Wu1WrNmszlrNBoDer0+pNVqm2q12qNSqQZlO/2dfwL4RvrQAqV2MgAAAABJRU5ErkJggg==');
insert into ProductCategory (ProductCategory_ID, CategoryType, Description, Image) values (6, 'eget vulputate ut ultrices vel augue vestibulum ante ipsum primis in faucibus orci luctus et ultrices posuere cubilia curae', 'tempus semper est quam pharetra magna ac consequat metus sapien ut nunc', 'data:image/png;base64,iVBORw0KGgoAAAANSUhEUgAAABAAAAAQCAYAAAAf8/9hAAAABGdBTUEAAK/INwWK6QAAABl0RVh0U29mdHdhcmUAQWRvYmUgSW1hZ2VSZWFkeXHJZTwAAAIWSURBVDjLjZNPSBRRHMf32rVTdFOsDkJEhODNLGqXukgJpmiEURBGdEnbskNktrhCRQuaLEEikUhlbK5EiZmxjbWwfxvL0dHdtdlCx3VtZxyaed/eG5qwZct98DnM4/f9vN/M+40NgK1Y5p7tPTY9UIeZ4Q6EvIcQ9pQ3FR1O+kvqpbFWZCI+YG0RK5EhBNz2dFHhxIvSWjl+TdOSzyGNd0GJPoE+P4nogzPqpuGUv8wux64ahjIJZbYFy1Pnwfc3I9LXuDR1t2bnf8PC0xKHHL0MQw0gJ5yEmmhA9pMTYm9VOth9cA+rsdV1jm6lDFA0Cizabl6H9KH1d7gJ6kI9VmNXIHiqs5/dFfusQ5hg+PGbL/ipG7CWxPvAv7wEQ5mAKjZjPdGIDO2E9xwmgS7Hjo1dMoFuEIKMQvAtS8C9eoT4iBNh/22kuFrkxAYsh9ow661Bp9fHuqv4S9DiGTdPTa8SfM0QDLoOANl5TN8/jjHndrzrceCt2w71uwDXYJAJjhQULNJwQia4cXY3tMA9aNwdcB37MXRuF4Ih3qwpKLBegbUvLhGcqN6GW6fK8dp1FBP9F/AxvoBwSjcF7Q/fM0FlvsD8iEyycbFuQknDFLPl40QWnqFsyRdY16hbV+gdjf8Rraytm890P0opy5+VggNECwVJzllBldL+r2ErFO7uHYmx4A/Kxc1GPT9cSpmjnC72L/0FRS76cD+dhSEAAAAASUVORK5CYII=');
insert into ProductCategory (ProductCategory_ID, CategoryType, Description, Image) values (7, 'hac habitasse platea dictumst aliquam augue quam sollicitudin vitae consectetuer', 'aliquam sit amet diam in magna bibendum imperdiet nullam orci pede venenatis', 'data:image/png;base64,iVBORw0KGgoAAAANSUhEUgAAABAAAAAQCAYAAAAf8/9hAAAABGdBTUEAAK/INwWK6QAAABl0RVh0U29mdHdhcmUAQWRvYmUgSW1hZ2VSZWFkeXHJZTwAAAI5SURBVDjLpVM7i1pREJ7rYxXFiKjxVYhIMBhMbWGbIk0wasCsCCkD1vkR5gcEmxSpsrLIxVaQCKYQRAW1kgTxrVEUn7i+bmYO3MUlkRQ5MJwzc2e++Wb4LicIAvzPkZ072WxWgYCv0N6eTqeneD9Bw+epjvcPvD+jZf1+/1Gs4UQGWOzG91ej0fjcbDaDWq0GlUoF9H0+n8NyuYR2uw3j8fg7xsLBYLDHCimBLJPJfGu1WtROuHT2+71QqVSEZDL5RayTiFTQeWYymf45s81mA2zy8o8dYJAhjkYjUCqVoFAoQC6Xs9hms4HpdAq9Xg+cTifLvQggk8lgNpvBdrtl/uFwgMViAXd3d+wbxf4KIM4klUoZA0omw7kZiLhsKj4ej5cZULJYxHEcSxZjEonkMgMRgOYtFArQ6XRAr9eznbjdbpZTq9Wg2WzCcDg0xGKxD/V6/dMDgN1uB+l0mvnRaBTW6zV0u10GSOChUIgtdjAYcKVS6SPqwngvpFQq9QuFY8zn8/Dm+hpSNzdQrVaBROXxeKgIJpMJdQer1brDBlc8z8/vGdCsxWIRNBoN8wOBAPPD4TDodDpYrVakQkgkEuBwOBaYYtBqtYrzEd6hZHlc1hX5NAqxi8fjTNZ0aCRqVC6Xf/p8PgPqYsud/42RSOQFbvzW6/U+QsVxNC8tsdFoMGHZ7XYgtWLOFJcsyeVywwcALpdLarFYPNiRxzkfYxEx5FCF75Fhy2Aw8OjLUVTHfr8/RkavfwO7WaXhrjM2EgAAAABJRU5ErkJggg==');
insert into ProductCategory (ProductCategory_ID, CategoryType, Description, Image) values (8, 'quam sapien varius ut blandit non interdum in ante vestibulum ante ipsum primis in faucibus orci luctus et ultrices', 'eu orci mauris lacinia sapien quis libero nullam sit amet turpis elementum', 'data:image/png;base64,iVBORw0KGgoAAAANSUhEUgAAABAAAAAQCAYAAAAf8/9hAAAABGdBTUEAAK/INwWK6QAAABl0RVh0U29mdHdhcmUAQWRvYmUgSW1hZ2VSZWFkeXHJZTwAAAInSURBVDjLpVPLahNRGP5mcrWZhGgaLEwtJFJJqQEXgoKIkKBkKfoAeYKA4M7S4kLyDF34AF4eIIOQMC7sooqbECExImnSGgwqTTtmcubm+Y9MSAWh0AM//7l9l/9cJM/zcJYm44wt6Hfa7XbdcZwCD9i2DcuyZsEYm8V0OqXcKJfLRcJJVAIH3wmHw3o6nRab/m3zZYZCIei6jl6vV6xUKg3hgCtuJZNJDIdDRCKRGWgeSP3BYIBEIoFMJkOiG3y6ITWbTaGeSqUwHo9P2KVSCChJEgKBgFCPx+OIxWLQNA3dbrcYJHWyTrXSpmg0KsJXn3dC2XVdmKaJfD6PVqu1ESQlwzAwGo3EAfmb6DAp+2PtZxUTy0Ap+QSR0DkoiiJcEkGB2GlAIF6SsCzL8gkHE2WK5fQaXu1v4uHiU6iqSphCkFSpVgoioCCCL6nXXJlfoWuD8TX1/CrWlm7gyDTwvP8Im+pLUbYg8IFkNZfLidz9xXB3vQzH4+W4fA0eDg77yC/fwjGb4PHbEq449/8S0A0QgW+XwhwxAe79+AyLu7C5G8uxMJ4e4dql2zi2fmN38gJBfqJarVYrzb0ykc20CduxcTGxwsGOIPt2uIcLyhI+9t9ht/Meq8PijvS/z/RgO+ua9B5cBtNmuLy4Lt3M3sOHvR3UO2+GzEbxoOp9kk77G68+k43rK4UFvVPfZ64At2d/4TQtuyUZjhtYmLhO9nvV++rP/wHfnZcUJl+kcgAAAABJRU5ErkJggg==');
insert into ProductCategory (ProductCategory_ID, CategoryType, Description, Image) values (9, 'sed ante vivamus tortor duis mattis egestas metus aenean fermentum donec ut mauris eget massa tempor', 'pretium iaculis diam erat fermentum justo nec condimentum neque sapien placerat ante nulla justo aliquam', 'data:image/png;base64,iVBORw0KGgoAAAANSUhEUgAAABAAAAAQCAYAAAAf8/9hAAAABGdBTUEAAK/INwWK6QAAABl0RVh0U29mdHdhcmUAQWRvYmUgSW1hZ2VSZWFkeXHJZTwAAAJ/SURBVDjLpZNfSFNRHMe/293umptu01GJMF1WQ5dRQgVl0UthYNHDiAQhChF6bdBLrz1Erz3Ug7CewqeoF0XzZVialnaXSHOYM2Ko6Szn3P2ze+/pnDMdodZLFw7n3nPP9/P7/n6/cyyEEPzPY9u5MDU1FdN1vatYLNroDDrzoWkam/sikUjnnoBEIuGhgl6v1xtxOCqgUhFME9wfdenzeTE4OHCTfu0GSJLUzsR+v7/O5XIhvZABi26aBCYxKYjAoDBVVfdOgW4eCAQCfEGWFRSpeDoxSQFmeVy6fIWnsSeA5SiKInK5XCmyYaA5fIJHJ1vRWbGrhRRmX3QSwd2CzdU4LErmFgcwskFFbBNrCrOekD7Q2eDR2b/AxSqcb7TD6e+CJ3gSv9IhJId6H5cdlGpF+GYGCLe08ujMRaUxAb9rCe7ac1j7+gWiRUNl1UG4awKesoNtAIfQyEzM353DCPkIvMF2qIt9ECss+CYlUVS0rCLnz5YBZbFRKhoDOPUEWmp1eBqvQck8g1XUYXfXY19hermQt7WfuvcmxQGsPdsnkllmKZDsKI4eWYfn8HUqfgqrXYeWC2IlPrZhyIWO1ui4VO4Cc8C6IAhCKe/V92io+Yn94avQlnohiATKej0W4+O08oXjoej4wnYbrVsOJkZGRpDP57GRjqPBR9tJ6rA4/QQmFGyu1WF5dAbPZwMIRccW/jwHHNDd3X1mbm6uo7+/fzKTfInmth44vr9F6vU7SINrmBn6CGfbA2Rl666DZNl5Gx/2HNPv37krwGpAGn6F+XQan8Q2ZFUHa3EyFos1/RNw40K13HrogO10UxDEro7KP1Zudzz6PP+36/wbU7aHpoSFkuUAAAAASUVORK5CYII=');
insert into ProductCategory (ProductCategory_ID, CategoryType, Description, Image) values (10, 'id lobortis convallis tortor risus dapibus augue vel accumsan tellus nisi eu', 'eu tincidunt in leo maecenas pulvinar lobortis est phasellus sit amet erat nulla tempus vivamus in felis', 'data:image/png;base64,iVBORw0KGgoAAAANSUhEUgAAABAAAAAQCAYAAAAf8/9hAAAABGdBTUEAAK/INwWK6QAAABl0RVh0U29mdHdhcmUAQWRvYmUgSW1hZ2VSZWFkeXHJZTwAAAJRSURBVBgZBcExiJZlHADw3/O+732enKYdQVeklWBeoSBFtmgNNrRcQ9DSFBQZDU4OEYSNbQUtCg5FEAUpDdXSUliBQRBEBBXeVuFZnvKd1/e9z/P/9/uVzATnX37wEfwCAICbpy6s7wUAACjnXnrgUbyFtV3Ld3vhjbO2rv8Alu465sOzr9veugUf4dKpC+sXAWDApWdeObNv+Z57/fPV+zJTm22BzHTiyD5LR0/KzLXPzr/3LC4CwID7l1fus/n7FTHetv7JO2QiXc8fpbTx83eWV4/tBgCAAbLORR11+w+LVmWmj9tpLUMEcPO3LeX401599/O8MVv59c/1vx67fG5te4Boo6ijGGfa7D+kNoQ3n1u1MQ0FkWlsYeiP+ODK5sN96a8++doXBweIOhOtkqEUMum7zo3b6Y+N1HVprOHWdvXUQzsdP7TX0qRb+TbbTx1EnYs618a5qE3UBvrC4sCkLyZ9sTjpXNvcduhOXnxijzrmgQFinMlxLmuIsZGpLaZSWOjJJPticehc/TdN/555fP8OC0NngKhzUZsYm6hBpMhUFH3XASVFJDt6pSv6vpcYIMcm503UJmojgABFEfrCZOiUTBFFKUUmA9SxamMTrYmxkURLBUNHVzqR9IUuMGHnQGYaIOdVjE22JmvISNCiYgAAAJGVKAZc3p5OT+zatyprE7WRicGsTrEXAADM6lSJrgx4++svP92NowBw7fDzFroD9iyOMulKUQpQ0Hd3iKzzkpkAAODkme+/6btykG6F3KIgQVFKZJvuWVrY+T+vNUkTODP9hQAAAABJRU5ErkJggg==');

/*Población de datos de tabla de proveedores*/

insert into Suppliers (Supplier_ID, CompanyName, ContactName, ContactPhon, Email, HomePage) values (1, 'Kimia', 'Jewelle Pinches', '151-315-2819', 'jpinches0@ca.gov', 'https://fc2.com/integer/non/velit.jpg?in=sed&hac=sagittis&habitasse=nam&platea=congue&dictumst=risus&etiam=semper&faucibus=porta&cursus=volutpat&urna=quam&ut=pede&tellus=lobortis&nulla=ligula&ut=sit&erat=amet&id=eleifend&mauris=pede&vulputate=libero&elementum=quis&nullam=orci&varius=nullam&nulla=molestie&facilisi=nibh&cras=in&non=lectus&velit=pellentesque&nec=at&nisi=nulla&vulputate=suspendisse&nonummy=potenti&maecenas=cras&tincidunt=in&lacus=purus&at=eu&velit=magna&vivamus=vulputate&vel=luctus&nulla=cum&eget=sociis&eros=natoque&elementum=penatibus&pellentesque=et&quisque=magnis&porta=dis&volutpat=parturient&erat=montes&quisque=nascetur&erat=ridiculus&eros=mus&viverra=vivamus&eget=vestibulum&congue=sagittis&eget=sapien&semper=cum&rutrum=sociis&nulla=natoque&nunc=penatibus&purus=et&phasellus=magnis&in=dis&felis=parturient&donec=montes&semper=nascetur&sapien=ridiculus&a=mus&libero=etiam&nam=vel&dui=augue&proin=vestibulum&leo=rutrum&odio=rutrum&porttitor=neque&id=aenean&consequat=auctor&in=gravida&consequat=sem&ut=praesent');
insert into Suppliers (Supplier_ID, CompanyName, ContactName, ContactPhon, Email, HomePage) values (2, 'Viva', 'Hersch Siviour', '968-569-3130', 'hsiviour1@gravatar.com', 'https://hp.com/gravida.png?odio=potenti&condimentum=in&id=eleifend&luctus=quam&nec=a&molestie=odio&sed=in&justo=hac&pellentesque=habitasse&viverra=platea&pede=dictumst&ac=maecenas&diam=ut&cras=massa&pellentesque=quis&volutpat=augue&dui=luctus&maecenas=tincidunt&tristique=nulla&est=mollis&et=molestie&tempus=lorem&semper=quisque&est=ut&quam=erat&pharetra=curabitur&magna=gravida&ac=nisi&consequat=at&metus=nibh&sapien=in&ut=hac&nunc=habitasse&vestibulum=platea&ante=dictumst&ipsum=aliquam&primis=augue&in=quam&faucibus=sollicitudin&orci=vitae&luctus=consectetuer&et=eget&ultrices=rutrum&posuere=at&cubilia=lorem');
insert into Suppliers (Supplier_ID, CompanyName, ContactName, ContactPhon, Email, HomePage) values (3, 'Dynabox', 'Gino Fricke', '400-663-6174', 'gfricke2@reddit.com', 'http://friendfeed.com/cubilia/curae/nulla.aspx?dui=scelerisque&maecenas=quam&tristique=turpis&est=adipiscing&et=lorem&tempus=vitae&semper=mattis&est=nibh&quam=ligula&pharetra=nec&magna=sem&ac=duis&consequat=aliquam&metus=convallis&sapien=nunc&ut=proin&nunc=at&vestibulum=turpis&ante=a&ipsum=pede&primis=posuere&in=nonummy&faucibus=integer&orci=non&luctus=velit&et=donec&ultrices=diam&posuere=neque&cubilia=vestibulum&curae=eget&mauris=vulputate&viverra=ut&diam=ultrices&vitae=vel&quam=augue&suspendisse=vestibulum&potenti=ante&nullam=ipsum&porttitor=primis&lacus=in&at=faucibus&turpis=orci&donec=luctus&posuere=et&metus=ultrices&vitae=posuere&ipsum=cubilia&aliquam=curae&non=donec&mauris=pharetra&morbi=magna&non=vestibulum&lectus=aliquet&aliquam=ultrices&sit=erat&amet=tortor&diam=sollicitudin&in=mi&magna=sit&bibendum=amet&imperdiet=lobortis&nullam=sapien&orci=sapien&pede=non');
insert into Suppliers (Supplier_ID, CompanyName, ContactName, ContactPhon, Email, HomePage) values (4, 'Dynabox', 'Latisha Siviour', '841-284-7488', 'lsiviour3@elpais.com', 'http://bravesites.com/erat/volutpat/in.png?et=elit&commodo=sodales&vulputate=scelerisque&justo=mauris&in=sit&blandit=amet&ultrices=eros&enim=suspendisse&lorem=accumsan&ipsum=tortor&dolor=quis&sit=turpis&amet=sed&consectetuer=ante&adipiscing=vivamus&elit=tortor&proin=duis&interdum=mattis&mauris=egestas&non=metus&ligula=aenean&pellentesque=fermentum&ultrices=donec&phasellus=ut&id=mauris&sapien=eget&in=massa&sapien=tempor&iaculis=convallis&congue=nulla&vivamus=neque&metus=libero&arcu=convallis&adipiscing=eget');
insert into Suppliers (Supplier_ID, CompanyName, ContactName, ContactPhon, Email, HomePage) values (5, 'Zazio', 'Odetta Flory', '235-262-1404', 'oflory4@addthis.com', 'https://shinystat.com/orci/nullam/molestie.json?pede=dolor&venenatis=sit&non=amet&sodales=consectetuer&sed=adipiscing&tincidunt=elit&eu=proin&felis=interdum&fusce=mauris&posuere=non&felis=ligula&sed=pellentesque&lacus=ultrices&morbi=phasellus&sem=id');
insert into Suppliers (Supplier_ID, CompanyName, ContactName, ContactPhon, Email, HomePage) values (6, 'Janyx', 'Dulcinea Clougher', '774-384-6652', 'dclougher5@bloomberg.com', 'https://cdc.gov/eget/rutrum/at/lorem/integer/tincidunt/ante.jpg?fusce=condimentum&posuere=neque&felis=sapien&sed=placerat&lacus=ante&morbi=nulla&sem=justo&mauris=aliquam&laoreet=quis&ut=turpis&rhoncus=eget&aliquet=elit&pulvinar=sodales&sed=scelerisque&nisl=mauris&nunc=sit&rhoncus=amet&dui=eros&vel=suspendisse&sem=accumsan&sed=tortor&sagittis=quis&nam=turpis&congue=sed&risus=ante&semper=vivamus&porta=tortor&volutpat=duis&quam=mattis&pede=egestas&lobortis=metus&ligula=aenean&sit=fermentum&amet=donec&eleifend=ut&pede=mauris&libero=eget&quis=massa&orci=tempor&nullam=convallis&molestie=nulla&nibh=neque&in=libero&lectus=convallis&pellentesque=eget&at=eleifend&nulla=luctus&suspendisse=ultricies&potenti=eu&cras=nibh&in=quisque&purus=id&eu=justo&magna=sit&vulputate=amet&luctus=sapien&cum=dignissim');
insert into Suppliers (Supplier_ID, CompanyName, ContactName, ContactPhon, Email, HomePage) values (7, 'Skinder', 'Regan Greson', '601-260-3390', 'rgreson6@cnn.com', 'http://1und1.de/nulla/ut.json?dapibus=varius&dolor=ut&vel=blandit&est=non&donec=interdum&odio=in&justo=ante&sollicitudin=vestibulum&ut=ante&suscipit=ipsum&a=primis&feugiat=in&et=faucibus&eros=orci&vestibulum=luctus&ac=et');
insert into Suppliers (Supplier_ID, CompanyName, ContactName, ContactPhon, Email, HomePage) values (8, 'Photobean', 'Ignacius Woodwin', '478-846-2597', 'iwoodwin7@google.nl', 'https://state.tx.us/cras/pellentesque/volutpat/dui/maecenas.png?mollis=parturient&molestie=montes&lorem=nascetur&quisque=ridiculus&ut=mus&erat=vivamus&curabitur=vestibulum&gravida=sagittis&nisi=sapien&at=cum&nibh=sociis');
insert into Suppliers (Supplier_ID, CompanyName, ContactName, ContactPhon, Email, HomePage) values (9, 'Fivespan', 'Hillel Falshaw', '829-995-3350', 'hfalshaw8@mail.ru', 'https://tmall.com/proin/at/turpis/a.jpg?et=urna&magnis=pretium&dis=nisl&parturient=ut&montes=volutpat&nascetur=sapien&ridiculus=arcu&mus=sed&vivamus=augue&vestibulum=aliquam&sagittis=erat&sapien=volutpat&cum=in&sociis=congue&natoque=etiam&penatibus=justo&et=etiam&magnis=pretium&dis=iaculis&parturient=justo');
insert into Suppliers (Supplier_ID, CompanyName, ContactName, ContactPhon, Email, HomePage) values (10, 'Mynte', 'Nancee Grzeskowski', '390-760-5738', 'ngrzeskowski9@over-blog.com', 'http://reverbnation.com/justo/in.xml?vitae=eu&quam=mi&suspendisse=nulla&potenti=ac&nullam=enim&porttitor=in&lacus=tempor&at=turpis&turpis=nec&donec=euismod&posuere=scelerisque&metus=quam&vitae=turpis&ipsum=adipiscing&aliquam=lorem&non=vitae&mauris=mattis&morbi=nibh&non=ligula&lectus=nec&aliquam=sem&sit=duis&amet=aliquam&diam=convallis&in=nunc&magna=proin&bibendum=at&imperdiet=turpis&nullam=a&orci=pede&pede=posuere&venenatis=nonummy&non=integer&sodales=non&sed=velit&tincidunt=donec&eu=diam&felis=neque&fusce=vestibulum&posuere=eget&felis=vulputate&sed=ut&lacus=ultrices&morbi=vel&sem=augue&mauris=vestibulum&laoreet=ante&ut=ipsum&rhoncus=primis&aliquet=in&pulvinar=faucibus&sed=orci&nisl=luctus&nunc=et&rhoncus=ultrices&dui=posuere');
