
/*Población de datos de tabla de usuarios*/

insert into user (User_ID, FirstName, LastName, Address, Telephone, Email, Photo, Password, PaymentMethod, UserCategory_ID) values ('1', 'Rora', 'Alderman', '25 Troy Pass', '918-487-3414', 'ralderman0@trellian.com', 'data:image/png;base64,iVBORw0KGgoAAAANSUhEUgAAABAAAAAQCAYAAAAf8/9hAAAABGdBTUEAAK/INwWK6QAAABl0RVh0U29mdHdhcmUAQWRvYmUgSW1hZ2VSZWFkeXHJZTwAAAEjSURBVDjLxVM7TsRADPVEK4oVSrGU1FyCjltwADrOQhOJe1DsMbbfYjsQ2g4h5cvM2MaeT1BIJNBSYMl69iTv+TOJYWb4ixWnEquqCpVX3x887bqxJSQAkgwRwEvsE97drM0wDLAooHZxXgBlsiAmJDl4ecPwTtd1ywJaXsmZqLFP5JBHPrRtuyyQ29Xq2nIU44mYWtM0ywJKOr7TOC9hjIOAOvwgcHu9Nr+5hYnAw/bI81EYvLTgBJ1lsA7BORIkeLy/MnVdTzu43JwFJPmwdFGjgNcRxH0BXsj757i8mQBzWhaqK4EDGZ1gyvV8+KD5LeRqPmCKQ/UYo3oSJ6L5DqwlOLz2ghiq6pzOxvZ1fuQvYra+73PrfJKXZcmK5t/+xmyf9PZAc1Cvzt0AAAAASUVORK5CYII=', 'kBZpjfhOJu', 'pellentesque at nulla suspendisse potenti cras in purus eu magna vulputate luctus cum sociis', '3952732168');
insert into user (User_ID, FirstName, LastName, Address, Telephone, Email, Photo, Password, PaymentMethod, UserCategory_ID) values ('2', 'Chlo', 'Cordall', '41145 Anhalt Crossing', '487-102-9476', 'ccordall1@dagondesign.com', 'data:image/png;base64,iVBORw0KGgoAAAANSUhEUgAAABAAAAAQCAYAAAAf8/9hAAAABGdBTUEAAK/INwWK6QAAABl0RVh0U29mdHdhcmUAQWRvYmUgSW1hZ2VSZWFkeXHJZTwAAAHbSURBVDjLpZM/a1RBFEfPnfciq4uChLgrWChaihBYbAxqBD+AgrGwVBDRxipgH1AMEQJpbawU9SvYCRaiEmOaBUkRDRYBwf3zZt691+K9DWuXxYELwzCce37MXHF3/mfJtYcv789d7jzZ7XvTHTDDzVBT3Bxzw1Uxd1wVNePIgdTb3NxefLuysJZ3LnRWpxrN0GpM1LjZ6+sqsJb3k4f+7p+J1QfJA0Du6izdOjMx4M7jLSqAGwCxVBxwc9TAcMwcNUNLr8qNqM6p9mHUtAJQv4IEQdzxILg4YkIIgkhARJHMySyQl9V9K2vAiBQAFwGBzMEEzJzMIUhGLqDiaKiMTa2OYPU/EAH3f0Ai4OqYgAsQhMyyCjCKMNpUDKk2YyDLhcV3t0mxJMZEGiZe3HyDWWUQypT2DEYAkbp9Ha0YJi6dnGf+9BUG/QKAMpV1hDpLBvhYlHGjYlBQlAVREw1psPlzA68N8pEKgNQ16r78folvP9aZOXiMYRmJGpk52uLB87ukvAXcIN/+vvXq3rO0YKqYGqqKmaEpYX6WeGKDQ9MFRRoSNbLza4fe7ymOl9dfA8h+pvHq8sUv7en2uRgT3W7388en67N71vsd5/OPZj+kYUqfVr7OjZ//BRjUGmnYsJxdAAAAAElFTkSuQmCC', 'SZCAgnvCj', 'habitasse platea dictumst morbi vestibulum velit id pretium iaculis diam erat fermentum justo', '3803160537');
insert into user (User_ID, FirstName, LastName, Address, Telephone, Email, Photo, Password, PaymentMethod, UserCategory_ID) values ('3', 'Giffer', 'Gutridge', '344 Morningstar Crossing', '275-878-3658', 'ggutridge2@washington.edu', 'data:image/png;base64,iVBORw0KGgoAAAANSUhEUgAAABAAAAAQCAYAAAAf8/9hAAAABGdBTUEAAK/INwWK6QAAABl0RVh0U29mdHdhcmUAQWRvYmUgSW1hZ2VSZWFkeXHJZTwAAAJqSURBVDjLnVNLa1phED1X1CS+Aokv0Ks0D2jQnbRJi6UJLdidBLsvXfQ3ZFnaXXfd5Re4KiG4DNKNaI1YUVDoUryVxIiPGOP71ZmvGBKkm14Y7nyXOWfOnG+uNJvNcP+pVquySqUKTafTwHg89lFgNBplut3uWavVOvH7/b/v10v3Ca6urp5JknSk0WiC9AYRgQkGgwFub2+hKErk5ubmy+HhYXKOUc2Ty8tLmboeLS8vB5eWlsDEmUxGxHA4xMrKClwuV/D6+vro+PhYXiAgmSG1Wi06M4BJ/P4XeLm/D6PRiF6vB1IGh8MRrFQqoTlOPU/6/X7AYDDwW3T7VaziPPlDKNnd3YPbvsr+wGq1otlsBgjy9YECmtPHxTyvlrqfJxMwuZ7A9OgAP4tjmEwmVgm9Xo9Op+NbUEAuC8NYPrXFdAoMocNkosVQWhU1k8kEZCITYMEDIsi0221RRNeF53tP0Wm30Or28erxDPV6XdSVSiX2I7NAQO6ekTkiTyQS0KCHd68d+HBgwKhTQSwWEwqz2SyPebYwQqPROCmXy288Hk+AbgO5XA7pdJpGmYp9YGP5TATf6dvJggIq2CWDbPF4PMLnnZ0dbG5uYmtrC16vF0SO09PTyPr6uo125f2DTQyHw28pD5PL2nw+76KlUrgrz82eaLVa1Go1kDKX2WxWiASpVOpjoVD4LEYgSd+2t7fBHsiyrNjtduh0OlxcXIjb4QUqFotsnrK2toaNjQ1Eo9FPBP1LwMvDAKfTCYvFIs4cNpvtLne73eKKeRfYFzb0zkRmJ0axRBxzEMf8G4MZxOB//o3/8/wBTrxxLgOn/DMAAAAASUVORK5CYII=', 'T7YVkv4NKC9', 'tortor duis mattis egestas metus aenean fermentum donec ut mauris eget massa tempor convallis nulla', '6039576170');
insert into user (User_ID, FirstName, LastName, Address, Telephone, Email, Photo, Password, PaymentMethod, UserCategory_ID) values ('4', 'Katerine', 'Baison', '99661 Merrick Road', '242-577-6511', 'kbaison3@yandex.ru', 'data:image/png;base64,iVBORw0KGgoAAAANSUhEUgAAABAAAAAQCAYAAAAf8/9hAAAABGdBTUEAAK/INwWK6QAAABl0RVh0U29mdHdhcmUAQWRvYmUgSW1hZ2VSZWFkeXHJZTwAAAJcSURBVDjLfVI7aJpRFD7/7y8qdlDwQdQYwQYJJdCSNmSwlBQcQjK4Zil0KIUgXVwFUeji1Lk4dLGh7RCoDhYtRQoODnUqjVY0SJKKT3zg83/03Jv+YlLMhcO595zzffe8GEmSQD7CK580sztgmkgAtYsiSETwTrTq4ADg23fQfv3CyBgOFo7E8/NgGTgnkYmms0UIsNcIZvwVQBCoDDY24PzwcP6mJLcSoFOaToFdX6eAhtsNo50dGJpMwLpcAOMx9d9GEGYuLkHhcICwtQW91VXQ6/XQ2N0Fbm0NxF+/acxSAtXx+yBc/gnDWRXaSGBaWQGdTgc1ux3E0xJIxXJY9/NHcBHDkMbk83kNz/MuFMVsNgPHh08vzx67X9i2H9GgWq0G0vHH+On9zRDxT7EM1A2/31+lBLlc7lypVFoFrBtJqJDUWZaFyWQCHMdBvV6HZrNJgNTf6/Wg3W4/o2NE49FoNIpZrdY7JOVutwvD4ZAK+YAQm81mcDqdoFKpyIdQqVQ+I+6EkRcplUrdRUPCYrG41Go19Pt9CqSzRyE2EceYTCYFjAuGQqHX15ro8XhKWNvDYrF4QtJUKBQUIP5bICyRgNsYsyeD/5uC1+sdYECq1WpRAtIDohmGoSTYj0E4HE4tHSM5GLRvMBhoylqtFndnTBtK7qjt2PnNpQTRaFSDGTy12WxQrVYhHo+XMpnMu2w2C51OBxy4YFje/lICBD8xGo0arJV0+i2+HwSDweeFQmEvFotdkH7cJOBupG8tl8sVBB4FAoGkbI9EIkmfz3cvnU6/wR3YXsT8BaM2jDnYpij1AAAAAElFTkSuQmCC', 'XdEQHKgDQtz', 'nisi vulputate nonummy maecenas tincidunt lacus at velit vivamus vel nulla eget eros elementum pellentesque', '9119488785');
insert into user (User_ID, FirstName, LastName, Address, Telephone, Email, Photo, Password, PaymentMethod, UserCategory_ID) values ('5', 'Kellen', 'Chrestien', '891 International Pass', '706-498-7606', 'kchrestien4@51.la', 'data:image/png;base64,iVBORw0KGgoAAAANSUhEUgAAABAAAAAQCAQAAAC1+jfqAAAABGdBTUEAAK/INwWK6QAAABl0RVh0U29mdHdhcmUAQWRvYmUgSW1hZ2VSZWFkeXHJZTwAAAEZSURBVCjPY/jPgB9iEVoqPefllFPdNk2GWBUsVpz9ctL1rkcNW/v+59VhKFgkPfP+xI0dF+uC/jPkWCR/Q1MwX2TGvf7Nretr/UG8BO2I5ygK5olP/dCzpWV+dVAhd+bB+JawrT7ICubIT3nbvaFpVkVqgVDa0diO4CneN91E4Qpmq0560jW/YXp5XB5nyq2YrqCFno9cJeG+mKk48UHHjLruMu8czuSbkfUBizxeucrDw2GGev/71uW1jMVrsq4nPIto8F/g8caFDymgetxbHlVLgDjxnWExPjPdb7sIoYRkk17FywJRECdY1Xux201nMbSgLufO25qyJUY1yNrzsus9JxkscZHMG+kVcN7jqWueowARkUWiAgBEUvolGfpITwAAAABJRU5ErkJggg==', 'gWWKB2i', 'ante ipsum primis in faucibus orci luctus et ultrices posuere', '3763973273');
insert into user (User_ID, FirstName, LastName, Address, Telephone, Email, Photo, Password, PaymentMethod, UserCategory_ID) values ('6', 'Perice', 'Cominoli', '173 Summer Ridge Street', '285-526-7990', 'pcominoli5@so-net.ne.jp', 'data:image/png;base64,iVBORw0KGgoAAAANSUhEUgAAABAAAAAQCAYAAAAf8/9hAAAABGdBTUEAAK/INwWK6QAAABl0RVh0U29mdHdhcmUAQWRvYmUgSW1hZ2VSZWFkeXHJZTwAAAKRSURBVDjLhZHfT1JhHMb9F7ptXXXR2lw/Llp3blnNZauLtmwtp15oWsu6oJZ5bKyFQiGIEIRIKoEsJtikWM1JmiQhtpieo3ISUoEINiJNE2SgT5x3ZiVZ3+15v3t/PJ89+755APJ4PJ64s7MzZDKZYDabYbFY0NvbSzq35867u7uh1WpjfD5fwXl+iixqtXoi2xfw/0ppNJrPOQC9Xp/O9vXTvCf4l7jKJkUOgIvH1bmGPlQ1D6Na+gY1Micut77FFcUoapVj5I4rnU6XCzAYDJuAmqz50hbzNdUvQJfu8d8BmUwGMzMz8Hq9oGkaHo8HbrcbTqcTDocDQ0ND+B62gzWeh8/ahPGOIkyo8ssJYCMWmXxLSwtYloXRaIRYLCag6I3rmKUKERmswyJtA5bDWKAtcElORAmgo4MMBqFQCIFAAH6/Hz6fj6RhGAasuw3xqTtIhZ4h8roZCeYpMvMjYLqqkwSgaW8nAKvVCrlcjmAwSNLIZDLM0ibEJ29jLTGCxMdaxMeuwmuoBK0t+zKmOLOHAFQqFQFEo1FEIhGEw2GSZp4x4ytTj7WkCyv+CiSDpViapjCnORJ9Lz1+cHOIcrmCAGw2G5RKJYHY9HxE3tVtmMuRDFzAt8kGsKoifJAcPvTHLzRLJAQQi8WI2FEjpvtvZmM7kJyrxGqwDIvZJH7NSTyUCnK/USgUpocdjnW73Y6+R3xMvaAw8bIVn9wlWJkrRXz8FrzqUxgZ6FsXikSJHABFUYxA0LgiFIrQc/8YsDQPtv0sBqmdcLYVY0BQgAfCetwVNK5m37pyAL9LcDE/nXIpkXLL4W4qRE/VruX++v0Htr7bFlBSsCMpqtibfnWvOG2XHh1+Xrdv93ZmTj8Aff0H4WdEl0kAAAAASUVORK5CYII=', 'LUNl8H', 'odio porttitor id consequat in consequat ut nulla sed accumsan felis ut at dolor', '9401136203');
insert into user (User_ID, FirstName, LastName, Address, Telephone, Email, Photo, Password, PaymentMethod, UserCategory_ID) values ('7', 'Rinaldo', 'Grewer', '678 Hagan Trail', '704-853-2002', 'rgrewer6@about.me', 'data:image/png;base64,iVBORw0KGgoAAAANSUhEUgAAABAAAAAQCAYAAAAf8/9hAAAABGdBTUEAAK/INwWK6QAAABl0RVh0U29mdHdhcmUAQWRvYmUgSW1hZ2VSZWFkeXHJZTwAAAI7SURBVDjLpVPPaxNREP7e7uaHhmxD09AaDzYgGCIBoeBFpJCAKIoXT54Cgh6EXL0U/C/EmyD2ZHMTTBSN6akXoWiIJU1qTU3L4kZjk+xms5vNurN1Q1rtqQMf895jZr5vZneYZVk4iXE4oQnuoVqtvjdNM2UDw+EQhmGMoev6GIPBgHwxk8mkKY9RC3byotfrLUUiESfoqE226fF4UCqV0Gg00tlstugosBkfh0IhSJIEn883TppMpHOz2YQoiojFYkS6ZD8XWblcdtjD4TA6nc4hudQKJTLGwPO8wx4MBhEIBFAoFFCv19MCsZN06pWC/H6/A5d9rMTGqL4MfrcJVbyMZHIBlUplSSAmRVEgy7IzIAoejUagYZJ372J7FfHzGqYS9yGtPUG/daCSCqSIiS6UZLfkSOY4bqzgLNvAQrKLqQvXoDTyOBWcx5y8isjQSHHESr0SqIAL940w65MRSt6Cqdbgn4lCOA1Er17E7cQ+BCrgJpHUeDzueFc+vVu9rzDa38DxLTBOgVdsAZoKVRocFKAv4AT+HZjbN7MTxfZreObsgsMKuNFv+98NwjJ0VFe2kduahqBpWiGfz1+f+MscH+W3kBC/48zNO7D0t2BmF59fdWF2ZPD2jHK1GexhusCOW6ad3I312St3L+mtpxCEKWwUe+rHNSl7Tuuv+AM8Fp/vdA/twj9bxkNn/C54XwRf3vzsfVr/8fDBcv3Fsct01Pa2W+86+x/m1V9Kf3NTfnTvWe3l/+L+ANeBhMdSVgxaAAAAAElFTkSuQmCC', 'R484oCw', 'proin interdum mauris non ligula pellentesque ultrices phasellus id sapien in sapien iaculis congue vivamus metus arcu adipiscing molestie', '0682400289');
insert into user (User_ID, FirstName, LastName, Address, Telephone, Email, Photo, Password, PaymentMethod, UserCategory_ID) values ('8', 'Annetta', 'Lenton', '5173 Summerview Junction', '754-220-8704', 'alenton7@unesco.org', 'data:image/png;base64,iVBORw0KGgoAAAANSUhEUgAAABAAAAAQCAYAAAAf8/9hAAAABGdBTUEAAK/INwWK6QAAABl0RVh0U29mdHdhcmUAQWRvYmUgSW1hZ2VSZWFkeXHJZTwAAALoSURBVDjLjZNrSFNhGMdHJfVl0peCKAKNoL7NopQ0CCqRQrxlUVoxK6eZk0oy03Ap5rXSYZsiedsWuYhGopgaqNNlrTR0uUtuuOl0lE6n87Kb/857aKJJ0IE/7/M+PP/feZ73nJcBgLFWCoUiuLOzs6K9vb2/ubn5l0wmm5FKpVqxWCyUiIQn/q5fDZRKJZMyCyiz02QywWq1Ym5uDgsLC7DZbFCrhyF8nu+qEuSJKviFvusAf8yter0eKysrWFpaAoEYjUZMTU3B7XZjxb0I16IWnR0vUVKUIS8seOi7CiBvJman0wnyuFwukP3IyAhmZ2dpqGNxAsv2YXiWf6CtpQ65OakiGkCZg6i2PXa7nTbMz8/TELPZDI1GA5J3u11YsGngsKvpLpyU7txO8qTfTQlmUGbB2NgYiLRaLW0iMxPQ5OQkHTuWbRRARRlNVDxNdeiAXC4Hh8MRMFgsFv5X5GwIeGZmBgaDAWw2+xsNUKlU0Ol06OnpQUNDA11M1vHxcTpP4uSaQNyoDYBOr8Xo6CgsFgvi4uKmaAAp8poIhIjkvHmysqsD8KjpEi5UHkDv4HdojBOIijk/vQFARPZpkuPgioLAqTuMhBcsZL+NhVRZjvTXEQgt24WmTwMIizg3vGEELyhFFAhZvwBvvlbQxlfKMpR1pKP+YzGSJKE4WrANp6PC6v95iNeoeYn5aVsailpTkN+SCF4TG7nNHFR25yG+LgT7cxge+kfi8/mCrq4uWGapT2kexLBxAHHVB9H4uQySvieoVxSjpreQgtyEsDsXiZIw7HuwZWl3JoNFA0pLS5l5j3M7Gt+JYfippiHRQn+cKd+DU892IqRkO67UHoOgi4cEUSj8M30cfqnMI+suE4/HY97PuledzE10yd5L0TfUjSHDFwzqlejp/wBW/lZcrT8Jvwwfu98t30MbbqNXXG5qSGLy9arLCfGq2IvR1siYcGt45FmVf/Ym196szdiRyfBbW/8bMwbKi+1SPUYAAAAASUVORK5CYII=', 'cwrAnwsE', 'penatibus et magnis dis parturient montes nascetur ridiculus mus etiam vel augue vestibulum rutrum rutrum neque aenean auctor gravida', '3946489281');
insert into user (User_ID, FirstName, LastName, Address, Telephone, Email, Photo, Password, PaymentMethod, UserCategory_ID) values ('9', 'Allen', 'Pammenter', '34 Sundown Hill', '127-237-7275', 'apammenter8@ycombinator.com', 'data:image/png;base64,iVBORw0KGgoAAAANSUhEUgAAABAAAAAQCAYAAAAf8/9hAAAABGdBTUEAAK/INwWK6QAAABl0RVh0U29mdHdhcmUAQWRvYmUgSW1hZ2VSZWFkeXHJZTwAAAJsSURBVDjLpZNdSFNhGMf/787Ome8SF7mxvuecJGU6SLuWIGZ0E7WgFRiBdZFE1CDwJoyI6iYvhIqKoqibrsIgwUkUjDCkC7UQ03IW5EfS8muTvec95/SsXE3dXQd+8HLO8/+d5zkPh1mWhf+57LlDNBr9YJqmj/je3t4eKFQcDocHdV0PSClHOzs7ty8TULDCMIzHxMlIJFKwLQpnaSP2reqAgg7iENl1T1ObLLI5IKQFYQKnPDexpRhoPNdjp3A9sSOXs+UOFBwgbhPDvepdnuKz3OZ0c4u7eQI13MUnuRDiE/GQ6F/VAQVLiHpCutQ+xFPvUKfcgM2oRFfyIPpnqiHECUlvP0K4Cgl0IkEPq70OYHdpMWZEMxbSNUjOhjA878nObxLZGu8qAd0US4KqBm8AGnNCwo+UaxrY+AQm03FfCCwJdhUSlBAHvF5vsOvCtwI7sNEIYlu2JltbSDBHdCQSCVnZ2lHLaQu6AQhaaJP7Dpy9PRiaG1ecmYXgT4vpsZC9JRST1/8KyK6RwE8obzPXUKsdh8Mo/y2ZfPkem74MI3TmoubwV2FxIKYOxruvdO9VU7Y8gUr4CfZnC2cxo3+kzoDFVzFU1B9G0efXYI+Owjn6DGW+UsVi1vn8EWaJp8TplVsoSY6haL0f2B/99w9c2gDFZGX5IwQpfIwo2+P2WRrj0PlmpIqnkXE7WLrvBdY8b0ZmcRJpqp+fU2AoGM8XUFa/p2nag1jL1LLvL9hOrOuJw1fKYVdUzE9LjE0xw4J1i+V+52AwOESCcmJgZGSkbuUS30S2tnydmLjssUP9YVhyrYbWhpi8+gtmOYLutSnwxAAAAABJRU5ErkJggg==', '52aTzw', 'magna vestibulum aliquet ultrices erat tortor sollicitudin mi sit amet lobortis sapien sapien non mi', '6278425653');
insert into user (User_ID, FirstName, LastName, Address, Telephone, Email, Photo, Password, PaymentMethod, UserCategory_ID) values ('10', 'Jervis', 'Garrad', '115 Dunning Way', '549-721-7750', 'jgarrad9@linkedin.com', 'data:image/png;base64,iVBORw0KGgoAAAANSUhEUgAAABAAAAAQCAYAAAAf8/9hAAAABGdBTUEAAK/INwWK6QAAABl0RVh0U29mdHdhcmUAQWRvYmUgSW1hZ2VSZWFkeXHJZTwAAAJ/SURBVDjLpZNfSFNRHMe/293umptu01GJMF1WQ5dRQgVl0UthYNHDiAQhChF6bdBLrz1Erz3Ug7CewqeoF0XzZVialnaXSHOYM2Ko6Szn3P2ze+/pnDMdodZLFw7n3nPP9/P7/n6/cyyEEPzPY9u5MDU1FdN1vatYLNroDDrzoWkam/sikUjnnoBEIuGhgl6v1xtxOCqgUhFME9wfdenzeTE4OHCTfu0GSJLUzsR+v7/O5XIhvZABi26aBCYxKYjAoDBVVfdOgW4eCAQCfEGWFRSpeDoxSQFmeVy6fIWnsSeA5SiKInK5XCmyYaA5fIJHJ1vRWbGrhRRmX3QSwd2CzdU4LErmFgcwskFFbBNrCrOekD7Q2eDR2b/AxSqcb7TD6e+CJ3gSv9IhJId6H5cdlGpF+GYGCLe08ujMRaUxAb9rCe7ac1j7+gWiRUNl1UG4awKesoNtAIfQyEzM353DCPkIvMF2qIt9ECss+CYlUVS0rCLnz5YBZbFRKhoDOPUEWmp1eBqvQck8g1XUYXfXY19hermQt7WfuvcmxQGsPdsnkllmKZDsKI4eWYfn8HUqfgqrXYeWC2IlPrZhyIWO1ui4VO4Cc8C6IAhCKe/V92io+Yn94avQlnohiATKej0W4+O08oXjoej4wnYbrVsOJkZGRpDP57GRjqPBR9tJ6rA4/QQmFGyu1WF5dAbPZwMIRccW/jwHHNDd3X1mbm6uo7+/fzKTfInmth44vr9F6vU7SINrmBn6CGfbA2Rl666DZNl5Gx/2HNPv37krwGpAGn6F+XQan8Q2ZFUHa3EyFos1/RNw40K13HrogO10UxDEro7KP1Zudzz6PP+36/wbU7aHpoSFkuUAAAAASUVORK5CYII=', 'ACExFKdkDIe', 'velit eu est congue elementum in hac habitasse platea dictumst morbi vestibulum velit id', '2500877140');

/*Población de datos de tabla de  categorias de usuarios*/

insert into usercategory (UserCategory_ID, CategoryType, Description, Points) values (1, 'imperdiet et commodo vulputate justo in blandit ultrices enim lorem ipsum dolor sit', 'luctus tincidunt nulla mollis molestie lorem quisque ut erat curabitur gravida nisi at nibh in hac habitasse platea', 1);
insert into usercategory (UserCategory_ID, CategoryType, Description, Points) values (2, 'justo pellentesque viverra pede ac diam cras pellentesque volutpat dui maecenas tristique est et tempus semper est', 'nisi vulputate nonummy maecenas tincidunt lacus at velit vivamus vel nulla eget eros', 2);
insert into usercategory (UserCategory_ID, CategoryType, Description, Points) values (3, 'quis tortor id nulla ultrices aliquet maecenas leo odio condimentum id luctus nec molestie sed justo pellentesque viverra pede ac', 'amet diam in magna bibendum imperdiet nullam orci pede venenatis non sodales sed tincidunt eu felis fusce posuere felis', 3);
insert into usercategory (UserCategory_ID, CategoryType, Description, Points) values (4, 'integer ac neque duis bibendum morbi non quam nec dui', 'nullam varius nulla facilisi cras non velit nec nisi vulputate nonummy maecenas tincidunt lacus at velit', 4);
insert into usercategory (UserCategory_ID, CategoryType, Description, Points) values (5, 'suspendisse potenti nullam porttitor lacus at turpis donec posuere metus vitae ipsum aliquam non mauris morbi non lectus aliquam sit', 'ut nunc vestibulum ante ipsum primis in faucibus orci luctus et ultrices posuere cubilia', 5);
insert into usercategory (UserCategory_ID, CategoryType, Description, Points) values (6, 'justo etiam pretium iaculis justo in hac habitasse platea dictumst etiam', 'sodales scelerisque mauris sit amet eros suspendisse accumsan tortor quis turpis sed ante', 6);
insert into usercategory (UserCategory_ID, CategoryType, Description, Points) values (7, 'est congue elementum in hac habitasse platea dictumst morbi vestibulum velit id pretium iaculis diam erat', 'sit amet cursus id turpis integer aliquet massa id lobortis convallis', 7);
insert into usercategory (UserCategory_ID, CategoryType, Description, Points) values (8, 'gravida nisi at nibh in hac habitasse platea dictumst aliquam augue quam', 'vitae nisl aenean lectus pellentesque eget nunc donec quis orci eget orci vehicula', 8);
insert into usercategory (UserCategory_ID, CategoryType, Description, Points) values (9, 'augue vestibulum rutrum rutrum neque aenean auctor gravida sem praesent id massa id nisl venenatis lacinia aenean sit', 'lorem vitae mattis nibh ligula nec sem duis aliquam convallis nunc proin at turpis a pede posuere', 9);
insert into usercategory (UserCategory_ID, CategoryType, Description, Points) values (10, 'vestibulum ante ipsum primis in faucibus orci luctus et ultrices posuere cubilia curae duis', 'orci eget orci vehicula condimentum curabitur in libero ut massa volutpat convallis morbi odio odio elementum eu interdum', 10);

/*Población de datos de tabla de  detalle del producto*/

insert into productdetail (ProductDetail_ID, Description, Ranking, Weight, Size, Stock, ImageDetail1, ImageDetail2, ImageDetail3, ImageDetail4) values (1, 'et ultrices posuere cubilia curae mauris viverra diam vitae quam suspendisse potenti nullam', 1, 30.93, 94.89, 1, 'data:image/png;base64,iVBORw0KGgoAAAANSUhEUgAAABAAAAAQCAYAAAAf8/9hAAAABGdBTUEAAK/INwWK6QAAABl0RVh0U29mdHdhcmUAQWRvYmUgSW1hZ2VSZWFkeXHJZTwAAAHwSURBVDjLpZM9a1RBFIafM/fevfcmC7uQjWEjUZKAYBHEVEb/gIWFjVVSWEj6gI0/wt8gprPQykIsTP5BQLAIhBVBzRf52Gw22bk7c8YiZslugggZppuZ55z3nfdICIHrrBhg+ePaa1WZPyk0s+6KWwM1khiyhDcvns4uxQAaZOHJo4nRLMtEJPpnxY6Cd10+fNl4DpwBTqymaZrJ8uoBHfZoyTqTYzvkSRMXlP2jnG8bFYbCXWJGePlsEq8iPQmFA2MijEBhtpis7ZCWftC0LZx3xGnK1ESd741hqqUaqgMeAChgjGDDLqXkgMPTJtZ3KJzDhTZpmtK2OSO5IRB6xvQDRAhOsb5Lx1lOu5ZCHV4B6RLUExvh4s+ZntHhDJAxSqs9TCDBqsc6j0iJdqtMuTROFBkIcllCCGcSytFNfm1tU8k2GRo2pOI43h9ie6tOvTJFbORyDsJFQHKD8fw+P9dWqJZ/I96TdEa5Nb1AOavjVfti0dfB+t4iXhWvyh27y9zEbRRobG7z6fgVeqSoKvB5oIMQEODx7FLvIJo55KS9R7b5ldrDReajpC+Z5z7GAHJFXn1exedVbG36ijwOmJgl0kS7lXtjD0DkLyqc70uPnSuIIwk9QCmWd+9XGnOFDzP/M5xxBInhLYBcd5z/AAZv2pOvFcS/AAAAAElFTkSuQmCC', 'data:image/png;base64,iVBORw0KGgoAAAANSUhEUgAAABAAAAAQCAQAAAC1+jfqAAAABGdBTUEAAK/INwWK6QAAABl0RVh0U29mdHdhcmUAQWRvYmUgSW1hZ2VSZWFkeXHJZTwAAAF8SURBVBgZBcFNiIwBAAbgN5etvQiJOPiuyk/YwqLk52v9NbTtarDGNpbhoCknHKgtOXxDIU60mVI4OOxVbtuchaTkoByUMpoc/NTjeSIi0irPd5q9U/2J/uHe7s7mUkQkImeLi1VrcM+cZ56oXLJusKZaVohEThcz3fve+Oaz1+bdctdNNUPdFBKZqu54658v2q54pKvlsmt2SCWpleODl75aMKvtu3MWNJ02oymDlCk7N7zwR9tHc9pm/TDtpHFNa6WT0d4d930y54E583inoe6YmhHpZX3/oVnP/fTKvF/+emzKpJo9tkk/Rf+2q9qe+uC39x5rqBt30E4bpJ+lvUuuaLmg5ZymhhMm1OwzarX0sqiz33UN06Y1TKmbcNSY7UYMSycpM5hxxnF1dZPG1YzZaZOVMkgZSbXOpGMOOeKIA/baaqNVhqSSSIp01xhV2mWrLTZZa7Eh6aaQiKRIlcESK6y23LAhGaRKIRIRkZTppJd++umlk1JE5D9AhzZjNC9N+QAAAABJRU5ErkJggg==', 'data:image/png;base64,iVBORw0KGgoAAAANSUhEUgAAABAAAAAQCAYAAAAf8/9hAAAABGdBTUEAAK/INwWK6QAAABl0RVh0U29mdHdhcmUAQWRvYmUgSW1hZ2VSZWFkeXHJZTwAAAJvSURBVDjLfZPNS1RRGMZ/984dmawk7IMpjKiMPuiLCIowWkQgGNHOTZuW0ScFMSsXFSi1CUoX/RVBVJRFRWK6iewDIpAKysR0ambunTn3no+3xR3NFHvh4X0PnPM7z3PgeCICgD13Rti2HdPfjxiDWIvTGlfv2fZ25MlzFj995DGrgulh9iGZddAZk66NQRLN3PoL0AYxBhfHOGNSkDEzc7AAwJ8BJBqJY1i3DhvHuDjGxjFWKbzWVly1hiTJfxwk+grhSFe24wfZzkloiHFOsFUfN/UV97yY7lkIEJx/9U2UH7LhwhIaNyP4+K6Gp0u48keS3K3QdahvcwGeiGAGW/Yh3KW1Ny+ZJpwpgqkgNkKsAs8DqwlfF8ZtwvH8CRn+5w3E6gJrL+clWIaY32BriFV1Rbh4AnERuU2n8rpMYV4EZ5K2zOKdiCkjTtUV16UQV8XpX/iNq9ARbfMi1J422WDPA9+pMbDV1LoJ6xFCxIQ8+xLx8juUahGVaqnyOyxef9A9ci11YB2IAZf8tT59u1U8Hi3z3jRy6OBeWpo38ezD3aVD719e3X9mzTI/jWCLokuI6DnWU93/VGT3ll1Y37Jr9RGsp9m/4wDA6RSg1YCdGsbzMuBicCqVTftEeZKst4RjW88CcOnwHTau2gmQ8wGsoid83T3u1BRkcogYxNad4KiEk3wYG6Sn/yQAPY9PMjrxFkD5AM2dMmwiuqYeXhxPJt7hZZrwF7Xg59ZCZiVH1y9n6O0gDQTce9dHgxcw8OYFQK83/Z0BPt/w9iUlCkbRZg3NOgZVpagiBm6uWFn5GQTHgaVABegbuj1W+AMfFb4tKjBFuAAAAABJRU5ErkJggg==', 'data:image/png;base64,iVBORw0KGgoAAAANSUhEUgAAABAAAAAQCAYAAAAf8/9hAAAABGdBTUEAAK/INwWK6QAAABl0RVh0U29mdHdhcmUAQWRvYmUgSW1hZ2VSZWFkeXHJZTwAAALvSURBVDjLTdJNaFxVGMbx/znnzkwm05lJ0xlm7FeIbW3UxDotVoOEFkTMotKFK+mmOxfdRMWFggutOxGquHOnBFw4CIq0WEEsihJNBEWKUmuTYMjXJPM9c8+957wubNM88G5/8Dy8SkQAuFhdPg1ceXBoYLIbebqRJ/KeXuwbQAvYBBywDdSAT4CvA+7Gx/GTJ8p7Jl89U2R3Otbnu9bnt/vuoI2gFTrubLa5+nfnWWBmN1DKJRUAy3VHQikCBSaAVEJzOKUxWpMwUDmYZn8+M/zR3Mp7+h7goiiXCSD20LKKRgT1EBr9/6/Wg/W2A+D12SUmRzOMFxLFYBcwnE1qOiF0+g6tFQFgDGgDBoVR4AHlmvx0e5uFpcbKfcDaUj5taPRiuqGgtWA0aKcwGgyCMYAY1poh71+/1QQu7lSIrR0p5RI0+kIMWAHrFNaBavxCZukdbNjCC7iEI7Z2tHrpiev3N7DhSDmfomMFpcEohQaM75GrVSmWJkhvfIkIxGGIs6ED0ADTl6+lcXEyldBYBxoBPIInvX2V4VKF3AMVzNo3dGp/0u5049ja5g4Qh7aYUqDvjoSAApLhCgOrX5EtDOGaX1B+9EXWfptFbH/92pvTsgM4Gw4GeAINRitQGgRSq1VKx89Df4G5j2fZM9Sjt/wjj6d+796rrqdmZguxtZdPjx1mtSncWXNstRyu9ivDqk52bxcf/gPice2fGT37Cs9kvy/PfTCZBTAHTp57Xpx7rWejxK0NxeJqndv/1ji28SFHTkxh/AISb7H/kQLiuyQHU6STx5P1xfn+oadf+i5wUXTy/NnH0m9ceGrn/zf++Jze1gSD2U1cuwbKMF+9yakXHsb3/6L40HMs3ogu3Xh7/DNTnpg+ujefOVdrRSytd1hv9mn/8BajZ15GBwaVOIQeGONAZQo9MIZKHiHIHCOZPZrZvPltSVUuXCkAM8AIsA/Y9+74p6eMRFq8KPGCeA/iwYN3sWhxVnnnRWT+P1A8aPl/RBTPAAAAAElFTkSuQmCC');
insert into productdetail (ProductDetail_ID, Description, Ranking, Weight, Size, Stock, ImageDetail1, ImageDetail2, ImageDetail3, ImageDetail4) values (2, 'pretium iaculis diam erat fermentum justo nec condimentum neque sapien placerat ante nulla justo aliquam quis turpis eget elit sodales scelerisque mauris sit amet eros suspendisse accumsan tortor quis turpis sed ante vivamus tortor duis mattis egestas metus aenean fermentum', 2, 30.31, 80.81, 2, 'data:image/png;base64,iVBORw0KGgoAAAANSUhEUgAAABAAAAAQCAYAAAAf8/9hAAAABGdBTUEAAK/INwWK6QAAABl0RVh0U29mdHdhcmUAQWRvYmUgSW1hZ2VSZWFkeXHJZTwAAAHdSURBVDjLpZNraxpBFIb3a0ggISmmNISWXmOboKihxpgUNGWNSpvaS6RpKL3Ry//Mh1wgf6PElaCyzq67O09nVjdVlJbSDy8Lw77PmfecMwZg/I/GDw3DCo8HCkZl/RlgGA0e3Yfv7+DbAfLrW+SXOvLTG+SHV/gPbuMZRnsyIDL/OASziMxkkKkUQTJJsLaGn8/iHz6nd+8mQv87Ahg2H9Th/BxZqxEkEgSrq/iVCvLsDK9awtvfxb2zjD2ARID+lVVlbabTgWYTv1rFL5fBUtHbbeTJCb3EQ3ovCnRC6xAgzJtOE+ztheYIEkqbFaS3vY2zuIj77AmtYYDusPy8/zuvunJkDKXM7tYWTiyGWFjAqeQnAD6+7ueNx/FLpRGAru7mcoj5ebqzszil7DggeF/DX1nBN82rzPqrzbRayIsLhJqMPT2N83Sdy2GApwFqRN7jFPL0tF+10cDd3MTZ2AjNUkGCoyO6y9cRxfQowFUbpufr1ct4ZoHg+Dg067zduTmEbq4yi/UkYidDe+kaTcP4ObJIajksPd/eyx3c+N2rvPbMDPbUFPZSLKzcGjKPrbJaDsu+dQO3msfZzeGY2TCvKGYQhdSYeeJjUt21dIcjXQ7U7Kv599f4j/oF55W4g/2e3b8AAAAASUVORK5CYII=', 'data:image/png;base64,iVBORw0KGgoAAAANSUhEUgAAABAAAAAQCAYAAAAf8/9hAAAABGdBTUEAAK/INwWK6QAAABl0RVh0U29mdHdhcmUAQWRvYmUgSW1hZ2VSZWFkeXHJZTwAAAKISURBVDjLpZNLiM1xFMc/v//877yYMYwxjzzKW8MMG8YkMwgrLJRXFAsbj4VkUpLsJMoCCwuPokyShYRhgabbhBg3N+8xpGtct3ncedz7///v7xyLG9NEs3HqrE59zqfT+RpV5X/KGW348+GyaLylftQNRlXpaV2hKoqqLkF0uoquVdWd+VXrUFWGOm+hordV5K6KhsVKWEULp25qN0ZV6X7SqHlV68j0RHHyynBLasmvWAk5YwFBgx7SP8Kk4y/wu99RMLmR3shlpm2NGBdARYvTsZbk+LqLoILafoK+NtzipRjj4sebCRXOJ3fOdlBL4ulJxMqaPzcobXzcL8EgqBAkbhIk7iDpL6ACKOJ14cWuMfThKKjgdXegIs8B3N/HUNGsrvVBAjCCpMKYnAC16WxnPFCLEyomM5SsBHqGAVZAFcRHbYBxLJACE2DUA02DeFkjaxEr8reBZg1UA9AcIA14KB5qA9R6qAqIQa2ERgKsIOLhFMzADkTA5ILjg5O1eBTLo/X7ePqencRPCamhwh3XockZNpAzyTdXcMfVYUITMK7BuAHG9Xnw2dKeKaNheQN7tuyldnE1TORQ3b6qU38AVRueHxjsvE/yfTO55RtxCsbg5AYYd5Dbr5MsnFuLdSy1lauxJqBuQT3A3hGvrFbKBjruMdBxn1DpNow7E+MMEu9LEDJjWT9vPwAHV11gxqQagPwRgKmbXyUyqWR1b7SZ3shVrD8FzG76B7qJxsKceLALgBMtu/gUjwCkzb/S+PHS3HK1st9xxxwpmt3Iubs3eqMlRSX1NcuYVbGID10vCUda+fa577QZLc5vz0+fYP3McfEzTbu/cgzYAxQB/cD5trOxw78Ay4ZsAbSg5bYAAAAASUVORK5CYII=', 'data:image/png;base64,iVBORw0KGgoAAAANSUhEUgAAABAAAAAQCAYAAAAf8/9hAAAABGdBTUEAAK/INwWK6QAAABl0RVh0U29mdHdhcmUAQWRvYmUgSW1hZ2VSZWFkeXHJZTwAAAJRSURBVDjLjZLta5JRGMZH/0X0DzhG0Wy1PdVG6aIGtYI+9CVhRSt6gT4Vgavl2vI9LVIWrWL0KZTYpBqpFMUMZ03aMpXVMttLpPX47qPT7eqck2NWzjpwcXjOc67ffZ37nBoANdU0M9RqJkJJ5j///5e5mPvEVAnyb3PGi3z0LgrJZ2R5iUFCFslAVUC5OfdVj/z3weXqoCM0yMFt4p5XA7DI1CzMXkLu200i5y+IVYKlIo/pfjGDrAqgkamZaU7BIIWEE6kpLTLTbVjMvcCUcSNWTyC8JwnUKxAG6kHSvxtxbxM53kP4u2ormtfQHkRGzxLDZSQmmpH5IEM2dBKpwAHExhtQiPXB310L+9WG4N/3bduFiOs8FngrqcYR8z5SvRNJ73bExsTMHFDUwaHa7PutidS8VEyQczqQnZUjPilCxteI7OcrmHnQghHXRZy7dRjHr+2HrHfHYtuFDV0MUP7S8hELUsF2UqkOKX8zhLAGHo2Y16ulvMJyBI98Jrydt8PgOIVDhvVoPL1WV6ocJ5GHkA5KwbtFSAd2Qviixmut+IdN1XRfpmwVht8ZMey/wd6BztkJg/MEBQgUkFyIOUizOPAuEbIf24m5Dx6tmH+s5W7TmHvl9XjiG0D5sE2aKKB05+lXSPilpGF7kAn3wK2qj4/ouf7l/nBn1gla+1Eo7R3MrHzasZIgbJWMC9FRZMPdEObvYUwjjtmNW6+XXy3Z2HtQJ4LefoxVpjP9Zj3w3GmRT5i3zL0xborSM780bVNWelxks4ooSWOXZhVd/wllWOl+7RbUkgAAAABJRU5ErkJggg==', 'data:image/png;base64,iVBORw0KGgoAAAANSUhEUgAAABAAAAAQCAYAAAAf8/9hAAAABGdBTUEAAK/INwWK6QAAABl0RVh0U29mdHdhcmUAQWRvYmUgSW1hZ2VSZWFkeXHJZTwAAAI5SURBVDjLpVM7i1pREJ7rYxXFiKjxVYhIMBhMbWGbIk0wasCsCCkD1vkR5gcEmxSpsrLIxVaQCKYQRAW1kgTxrVEUn7i+bmYO3MUlkRQ5MJwzc2e++Wb4LicIAvzPkZ072WxWgYCv0N6eTqeneD9Bw+epjvcPvD+jZf1+/1Gs4UQGWOzG91ej0fjcbDaDWq0GlUoF9H0+n8NyuYR2uw3j8fg7xsLBYLDHCimBLJPJfGu1WtROuHT2+71QqVSEZDL5RayTiFTQeWYymf45s81mA2zy8o8dYJAhjkYjUCqVoFAoQC6Xs9hms4HpdAq9Xg+cTifLvQggk8lgNpvBdrtl/uFwgMViAXd3d+wbxf4KIM4klUoZA0omw7kZiLhsKj4ej5cZULJYxHEcSxZjEonkMgMRgOYtFArQ6XRAr9eznbjdbpZTq9Wg2WzCcDg0xGKxD/V6/dMDgN1uB+l0mvnRaBTW6zV0u10GSOChUIgtdjAYcKVS6SPqwngvpFQq9QuFY8zn8/Dm+hpSNzdQrVaBROXxeKgIJpMJdQer1brDBlc8z8/vGdCsxWIRNBoN8wOBAPPD4TDodDpYrVakQkgkEuBwOBaYYtBqtYrzEd6hZHlc1hX5NAqxi8fjTNZ0aCRqVC6Xf/p8PgPqYsud/42RSOQFbvzW6/U+QsVxNC8tsdFoMGHZ7XYgtWLOFJcsyeVywwcALpdLarFYPNiRxzkfYxEx5FCF75Fhy2Aw8OjLUVTHfr8/RkavfwO7WaXhrjM2EgAAAABJRU5ErkJggg==');
insert into productdetail (ProductDetail_ID, Description, Ranking, Weight, Size, Stock, ImageDetail1, ImageDetail2, ImageDetail3, ImageDetail4) values (3, 'a ipsum integer a nibh in quis justo maecenas rhoncus aliquam lacus morbi quis tortor id nulla ultrices aliquet maecenas leo odio condimentum id luctus nec molestie sed justo pellentesque viverra pede ac diam', 3, 23.49, 80.04, 3, 'data:image/png;base64,iVBORw0KGgoAAAANSUhEUgAAABAAAAAQCAYAAAAf8/9hAAAABGdBTUEAAK/INwWK6QAAABl0RVh0U29mdHdhcmUAQWRvYmUgSW1hZ2VSZWFkeXHJZTwAAAKKSURBVDjLjZPdS1NxHId31R9QF0lXmW0GRRC9eVNiL6ZIRoVCSFNzL+BNiIe1ZCzLKKRAyLIc+Y6hFcpMmUo4NXXszbUIy9p0Dp1ORGRnO2dzG5/O7wyPDQs88Fwdvs95vj9+RwRA5HA4csafyTCizsVw6RGIRKIzu+QgGT5us9mCFtME7KYxDBanIxaL7Qpeolar9+j1+pKhp0pM6pQYlKaDZdkkQqEQgsGgQCAQQDQaTQiSC0ZhKJLsEGxJtqBpGpubm8kFhholJhoVMNySIBwO81R1LkDdsYB7HKp2D1StHlAcpEIQCAVTiYKBQgkikQgPGe4YXUU7R5txFa0jq6honucFpCqpYOCRAl8a5OgvEPN2wt9fpZrn8F5XDUuXHP7pTjAME/9nQd8NMX9ARLC1CsFvacKa+S6itBkrI3ew+LWf5QQntwseyDH+Uoa+64eF4coWDyqa3Gh80wD/mBTRjQ5sfK/GmkmLuXeFqLmWokkumBqFPj+NF5AzIBKy69JnFSLr3Qj7tAiv6LDh1ILxVmOm4TwtFHzSyDD2ogy9eWnCIRK4XeGbqEPQXQvGUw7WWwlmvhjMrwJYtWeZpAIbV9CTe0g4xMCiA0tD5Vg2yhGYlYL5nQ/WXYTQzwJMPz4FKnO/ZrvgfhmMdaXoyU4I1n/o4e3lhryNCLlugpnNhq3+HJzPL2OmLgcec//Oe0AKPl5MRTweh2+4nNu5DYFvGWBmrsD+OguWviZEGRoxlgZ5hHtAUVRqZ94x9N4+jQ8XUuFyubBgUCDif4LQ7FXYXmXB2F0Pp9MJq9UKu90Ok8mUEBARoUS8N1N7IuVhmWSfjLzoUh1tcb69tD5Zm7FM5R6o+t/v/AcPwsfW2HYHkwAAAABJRU5ErkJggg==', 'data:image/png;base64,iVBORw0KGgoAAAANSUhEUgAAABAAAAAQCAYAAAAf8/9hAAAABGdBTUEAAK/INwWK6QAAABl0RVh0U29mdHdhcmUAQWRvYmUgSW1hZ2VSZWFkeXHJZTwAAAHvSURBVDjLjZPfSxRRFMf3T9g/wRdRkfKmRbkq3gfpYSvUHiIVZHqRiH7MbogW2GD1KOxrIVuUoOiKI+2isMleJXPZ3Np2NegstHNpGJg7K8yfcLquUII7sz183+7ne875nnMDiBjwEmz0ECkKqRCFZHew3pv64GbvkJkbN+zSExTFp1LTaBciWE72xUC/HPQ1kBUVcTiDzo9ZCUWRbw8y8/OIIb5Po1Oawd/bwwVPAwk32cUpdA6e4a/0wFv4cOVvNVi7NGRl77iQ6NK8DZIh1TnQ0MyOGnVHW+kkdTOAVE+wkgnrVn7CPfo5h8ct88wNxreuM/7xmlSYVTYGdM8Qy5t9Mbs4idXDF1IvURQmUXx7LBVFkY+g2FcRlojmuwWZLrGPAQlD4iKVs1JY7qSwdEGKUK9VB06FROyvkVpVOauET0BY7CB+t3IKVrFa0rBa1Goti/2HKHIPEBbOq40NEl0KT4eZtTvmHpWeo/VpxOWpq6yy3q/7wWfXuNihiC9RtHZuu/D+3JnWYb5VhfkW4nuJ5tawUc1PoZW55ZYXSAzetFGItyl8jTJn7x7aO+MIr5ubvE/5XTsx04OGyN5HJydD3Z1AsXcXnewjtNI3XQkrDT9TzSjeqlSWQzpfpYyv9rNyvD0Gr/5Vbmjwv/oDiJrRGbut70sAAAAASUVORK5CYII=', 'data:image/png;base64,iVBORw0KGgoAAAANSUhEUgAAABAAAAAQCAYAAAAf8/9hAAAABGdBTUEAAK/INwWK6QAAABl0RVh0U29mdHdhcmUAQWRvYmUgSW1hZ2VSZWFkeXHJZTwAAAJpSURBVDjLpVNLbxJRFO4P8BfwO2Dp0g07q42iGxM3JmxMXDR15aRWjdYqZMYSxbRpbaCSoEnVNjW2Ip2CNE2BUsrwELBAoTCMMDAwQDnOucCIj52TfJnk5nyPc+65IwAwMoxzs6BRoFOgV2DoQ98/0/xZP0w8o0B7+03F6Nw+Yrz+GLt/cMgHQ2F+azfCvnYlmXFH2Yg1WPubQJ981u7OUcHDBJcvVUCUWtA+7RJU6zJkC2Xw7Ia4ufUEhbUDkYGAFsmhyDex0WwDfpLcgbLYAl5BrdkhZ6Ikw5YvIFpXoyiiJQLYF8ZG5wG5WJGh8EOGo1IDStUW5IQmZMtNVWR908PdXMpjOxoU0DnZ7wzGHiZHs3W4/GgHLtx1qWII/CLJY6AdXga5KKD37EVZ7Bmj5gUZkgWJEEcnXTB236v8P5PzdLEBlXobTgQJ5pffschFAUNg/4DHYWFcLLw4xRIyEhFj97ZhlNogbWAKuX0KS7ZlHrlEwB8MEQGMj0UZvqFGRldMlMj30EvRgvmFV6qA/stOmBXEJlSlNiERZ8URcf7OJ4JLD30QP66Tm4llBKCtNrUFnW0jzqSzJeh2gThcmfHD1ScBMDzeU/94hoNtdbqw+TUMlOWDOkTNLXvRuOH2cXylN+VBXHSM5eqEGMnWiEFccTc/X+SuW2K9axwsEv02SK18dIv5cq9QqLVJmtSJRJYJnWOZMpisdnGCXv21SMOrPG3zUYuOFc4biEM6XyEzwZ7DKR7W3EGYpue4cfP7v1d5+DHdeJkyTr5YY2ZmF1j6mYV/amb4ByYrO2FyMteYyL8f0/8855/NvQk/FX0nyAAAAABJRU5ErkJggg==', 'data:image/png;base64,iVBORw0KGgoAAAANSUhEUgAAABAAAAAQCAYAAAAf8/9hAAAABGdBTUEAAK/INwWK6QAAABl0RVh0U29mdHdhcmUAQWRvYmUgSW1hZ2VSZWFkeXHJZTwAAAL3SURBVDjLdVPdT5JRHGb+Ad57W6tFrpZ200035bpuuTk268K0LuDC2VpEhAXCyHRaudacjvxA3QKcOsVSQEABv/CDIYl8FIK9iUKt9FVyL0/nvC0Wm53t7OzsnOd5fs/zO0cAQHDcXFhYqPZ4PFMzMzNTZFT/717eZnV1Vbi0tFRIwAUEnNza2kIikYDRaEyazeaCkZGRQpPJJDyWgIA7CJibn59n3G53kdPpZKLRKCKRCAiQGR4eLiJEzMDAANfb29uRR7CysiIPh8NIpVIIhUIg4D2bzZYNBALw+/0YGhrKEvAeqQwMw2B8fBxNTU3yHAFRVRCvWUpCAcFgkCf6S0D3Pp8PlGB2dhYymSxbV1enyLPgcrk09PLi4iLm5uYwMTGBzs5OdHd304pAbMHhcPDqjY2NmpwFwugl6nG73Z5eX1+H1+uFxWKBSqVyS6XSsvr6+rLBnsfBdds9zDg+8OfNzc1prVYbb2ho8AoImNve3ubLpcokSPT19UGtVpdRhchkZeHG+5uxVMiAVcszvjJaDQ1XIpFwAtJjbnNzk/dID6gCSRxtbW08QchcUb/zUY+jvTACQyJYx7pBquXvV1VVcQLSEm9ra2u8q6srvby8zJPQHHQ6nXu0V14dGLzx43BnFIdfWpCOjGHBKMHdO9VpkUgULy8v9+ZCJG3SkCD5oOjq8bjheleL3aARh3EVnM8u4lfKiGXdVbQrK0x578BgMCj6+/uza2trPJi2y+cy4JNVjkyyB2y4Ck5tCQ5iUnyPmjHZcgV1ktvqHIFer5fT5OnLI0TQqFV79vbr+EaCO/h8H/sboj8zdItYeYGY4xXePrxsyXsHSqWyo7a2lqupqWGcr689ijlbkPn6hlffD1USC6X8ykbFYJlhOBvObTuUxWfzPhMhEIrF4sK5l5cS7G4EmbQVh0mSQdLwzzTh6KcfiVk9bPLThmO/qOt56e60tiRjV1/gplTnOfvT4oz9iZCdUpxhCYi1yk6xVulJ1vLgxPRvyXT2ghRTB18AAAAASUVORK5CYII=');
insert into productdetail (ProductDetail_ID, Description, Ranking, Weight, Size, Stock, ImageDetail1, ImageDetail2, ImageDetail3, ImageDetail4) values (4, 'suscipit ligula in lacus curabitur at ipsum ac tellus semper interdum mauris ullamcorper purus sit amet nulla quisque arcu libero rutrum', 4, 8.56, 54.25, 4, 'data:image/png;base64,iVBORw0KGgoAAAANSUhEUgAAABAAAAAQCAQAAAC1+jfqAAAABGdBTUEAAK/INwWK6QAAABl0RVh0U29mdHdhcmUAQWRvYmUgSW1hZ2VSZWFkeXHJZTwAAAEZSURBVCjPY/jPgB9iEVoqPefllFPdNk2GWBUsVpz9ctL1rkcNW/v+59VhKFgkPfP+xI0dF+uC/jPkWCR/Q1MwX2TGvf7Nretr/UG8BO2I5ygK5olP/dCzpWV+dVAhd+bB+JawrT7ICubIT3nbvaFpVkVqgVDa0diO4CneN91E4Qpmq0560jW/YXp5XB5nyq2YrqCFno9cJeG+mKk48UHHjLruMu8czuSbkfUBizxeucrDw2GGev/71uW1jMVrsq4nPIto8F/g8caFDymgetxbHlVLgDjxnWExPjPdb7sIoYRkk17FywJRECdY1Xux201nMbSgLufO25qyJUY1yNrzsus9JxkscZHMG+kVcN7jqWueowARkUWiAgBEUvolGfpITwAAAABJRU5ErkJggg==', 'data:image/png;base64,iVBORw0KGgoAAAANSUhEUgAAABAAAAAQCAYAAAAf8/9hAAAABGdBTUEAAK/INwWK6QAAABl0RVh0U29mdHdhcmUAQWRvYmUgSW1hZ2VSZWFkeXHJZTwAAALCSURBVDjLlZJ7SJNRGMaF/i3on/6wUDfbvsLpUiO1tItamRUISdmFYEYaGQaikNlIvIdOp9JSI0ssXOrmdH5ONzek29AmanPenU2H5rYyNZqa5dP3CY1EQzrwcHjhPL/3Oee8TgCc/kfDjQTZJ2Uvt4vcZXS9uUFO7BiUEx6UcfugnJ1hIn1hazqO5gzm8qYAYzNRRhknBmTEHNX114TiALRC5oo23xNSPqPxnwDKyB5REAuW7ngsWtVYsigx25kAa2MwDKXekKcyUv+c3cgcaWo7CFt/Ln5YFZjruoCZNyGwyDiYrvfHdEsoFOmMwXUAyuhMqXVKdxHfTNVYNFdiTncaX98G47PmEGwt+2ElubCqw9FZwFp2AEZIgk0Zp6i7rth672N5VofvxkzYtGGwaI5gsskfo1VeMEs8YamnUihPoS3LfckBGJCy1Tb9eSxNl8M+ngz7YDQWes/B+ioYIzU+6H/GwYcSAibxntVrTClOoj6FMeEA6CtYk/PGm5g3puP9C0/01Higr9oPo5QsLX7QFbHQVbgb5ioWbKoTGJcEoTrJTeIAdDx0fzxMBmFmiA9DXQTItABoio9BncfERwkXM0pv6IuZeFkWiKRHUYgtiMDlzKP28GQu3/GIrwuY2m6xL5UiBbI7XNhNAnzpSUZLric68l1RWxmEtNpokAYReqZUELbGIUroBf9bzgLHL6iymUPtFT5ofxqFMU0i7GPpGCYvoejqNvByQtHQW4iG/mLQS6COgVB9gwYsrJkBakDqNAX7oBIEQJbMgbYkBKIrW3H2ng8Uhif4e8n1IhqwfgqlKYww6V03aKmJM7efwad3YTh8exfyVNeQo+KtmnOUvI0T/C1xolu6OMEVmjwOsrIJRAr2Il91fbUzvdP1mjfYSM/jXbeUx7rwS6NdLLyYnfbAOOefdGxK85Qe0Gd+Azr0uSlwBNX8AAAAAElFTkSuQmCC', 'data:image/png;base64,iVBORw0KGgoAAAANSUhEUgAAABAAAAAQCAYAAAAf8/9hAAAABGdBTUEAAK/INwWK6QAAABl0RVh0U29mdHdhcmUAQWRvYmUgSW1hZ2VSZWFkeXHJZTwAAAMESURBVDjLpZNrSNNRGMb/ViR9qw9FUSQFQX0IMshI9EMXJIIuZGFZGWZpqSHmxM25dNq8pk7LzTSdc1u6malo3vI6bHmZrmmp0+mclrfNuTmvk3r6zw8rKfzSgQfec16e33vew3kJAMT/aN2msTDxjKzoaX1nOXXmczXd0lkRbmkRB0/W5ASXlr4KP7UhQCqJ5XTXUlfGVK2YnhiCyWSA0ajHt5FudLcUovq137w4NZDxT0BTIStNLefCoNNCpTXgbYMGnOKvSJd8gaBKja6BSWhUMlRmPwSPdT90HaBGEO8iL6dY9FMaSBXjeNeogXrMBL3JDJ1pHqpREwS1apQ0D6NfUQVhzI2F7Fh/Rxugjh9WOUgm+kZmIKkfhnUZjEYMfJ/AEhlbZf4JZFao0aLU4oMwBJkRNwU2QEP+44lxbQ+ENYPoJSsvrP6EeWEBGbk8TJGgueVlFNc0QDpgRFKBEj3tYmTT3TU2QD0/cMmg/4ZEkRJTixYYln9ghczQopgQvitDWCQTtbI2hIjd8IDniFFNG3Lp1xZtgOosvyX99BCYPAVGzRYS8gNjxjk8e568ZpYquqFbBQJEp8Es94RH5mHk0Nx/A4pTvIaHeqrAlijRPGjEONn02JwFQSJXBAmd8SjfCT65xxFRch2SjjRQii7DLXU3XJN22K0B8lhevCYxFTLlAOIlKujIBzNYyIqCkyjt4qC48+WasbCDDXYdBfxPiXgocsOJOPvVozF2dkROXMCx/GiPxX55PkRVnUiQ9EOhmYUP2a/VnFIbhITqALAqfRFV7o3o937IlMbgdp4LDkUSK2t9ZDG9qW/ir6O3lYPGdjliea24lX0E4nY2RK3J4MsSkfsxnoT4gyuNhq/oPA4wiL69NGKb7UdlRNxhZFGvmMu4nuiqZ+Eq9yAupO/DudRdcEnaDi+eMzjNUbgncIMDg1DuoRH2fw1TBsPbKS3UveDFk0taLuXiolXWmE25Kj4as2n2Lv8sHOiEnDRv/ec0biTyyrr99M3YSSO2/Hn+CweZ2kRiltpxAAAAAElFTkSuQmCC', 'data:image/png;base64,iVBORw0KGgoAAAANSUhEUgAAABAAAAAQCAYAAAAf8/9hAAAABGdBTUEAAK/INwWK6QAAABl0RVh0U29mdHdhcmUAQWRvYmUgSW1hZ2VSZWFkeXHJZTwAAALKSURBVDjLbVJNSFRRFP7em+f8ZTKJOswkNTZOmpFKBaWEFDVBFC7KRdCqgiKccBFJKxe6CWwXtWhRtNCihQURRAUliEJYTeoMzOQk05D9jGTjOH/v73bum9Tp58Lh3Xfu+b57vu8egTGG0jU8PFyu6/plTdPaKCopQPGDYkJV1cGenp7l0nqhlGBoaKiVwCNut7uuoqICoiiC/pHP55FMJjFHi4iO9/b2Bv8hIHA5Hb7zer31siwjkUggk8nw2yFJEpxOp1EXDodnKdfc19eX4//iChMlL7hcrnpFURCNRj+m02kP7c08+D4SicxzYuqunqQEVnDSyoaSbXa7HbFYDAQ6FggE4iVS4wMDA4fi8XjY4/EYtf8jqOaa6Ta+n8Nfi+d4d7yGuq3+w4NPY2fYRKwB31I2Q3Pn9kmYmAKmqWBqMRRFw93gTsNUp3URRzdOouHcW6HYAZF0nTgAgSwRTDb6HgF0gfqz8kMySIGmptHvz1BeMSCz98fXJPCbeKG68ACSpQqCUE6FZYDNQWkdyKagLX2AnPsMXc3CVhcAkwslBNQidH6TjJ+hN6RzHRxN7Ug8HSR8DTZ1+PFkMobx5TIsEU4ZHURLTkTTGoFiyGDUqqNhK0RzFbmjQytomF6wYSocw7Tdgf27dqO20oeXoUeYmPmCewH3NWMOGLnLmGZoXZwJUhevaUJU6HkdhVwBD6ciaG1sgSZqaHH5oQkK9u5o59DuVQKulZEEh88DR6OPCGRsOXUeXd2H8T2VRBn50rntoqH70sFb8NY08621KEGRyQOdDOIehGCyr6cjMlIyU16l2VhAaH4c7+fHcMV/B1efnYbVZOHQ/CoBl2CpPQvbZhMEs6X4hCK9hK7h5NcNeDH1HO3N+/B4+ibM9PpjwVEOvWEMUvT2HsaNNLwwBkf5HerqdyRrwitZQp4JsNKTdwhZ9F9PCb8A2smdT0Nb9SIAAAAASUVORK5CYII=');
insert into productdetail (ProductDetail_ID, Description, Ranking, Weight, Size, Stock, ImageDetail1, ImageDetail2, ImageDetail3, ImageDetail4) values (5, 'dui luctus rutrum nulla tellus in sagittis dui vel nisl duis ac nibh fusce lacus purus', 5, 40.7, 45.34, 5, 'data:image/png;base64,iVBORw0KGgoAAAANSUhEUgAAABAAAAAQCAYAAAAf8/9hAAAABGdBTUEAAK/INwWK6QAAABl0RVh0U29mdHdhcmUAQWRvYmUgSW1hZ2VSZWFkeXHJZTwAAAG1SURBVBgZpcG/S9RxHMfx5+dz3+LKsKxBC4KQXIvArYb+BQmuIYgGoaBJiAoiLCqwxUGwkBr7gaGOTu5NZhBkBRU3NEV2Q3d69/m+X+/6DEJcNoiPR3B3diKMjM1ePXN2+OFay3vcAQmXMBkuRy7cDLnjZphE7+7UXF39dmNhsjZdDJ8entpV7Yn9Vbajp9myKWC6aCWPrbVfbNd68sgfhZtz6UKHQBYIBCKRO3O3uHhylBOHT9G39yBFLPjb6ESdLLqLTSbj5etnZOutNlYa7s5WTEZW4E7mwMzSI340vlM/Xqe30ktZGjjg/EOlkUWTkT1ZekzFIscODfJ0cYZqZQ8YSI7jdJOJrHA5E/P32V/tY2hgiNKNA/v6WP34gXang7sIBLpJRhYl4+a52zSbLd58WmH5/TJzi/NstDew0pCcrUgii2VKZNdq12n8bPD5y1ee333Byru3BA8EAu5OtzKVZNFNbLp3+QGDA4Nk7Y1EJyXcRQiBbi6RRUlsKioF41fGyVI7IRP/I3eyMDI2O9t/9EhNZsiEmSEJSwlJyB2X4ebIhUtIZK8WJmvng7uzE5Ed+g22TgZNyTAeRAAAAABJRU5ErkJggg==', 'data:image/png;base64,iVBORw0KGgoAAAANSUhEUgAAABAAAAAQCAYAAAAf8/9hAAAABGdBTUEAAK/INwWK6QAAABl0RVh0U29mdHdhcmUAQWRvYmUgSW1hZ2VSZWFkeXHJZTwAAALvSURBVDjLjZNvLNRxHMd/Tft50AOPqs1aTapJzp/8yYWaLM5k+a/F1F3FxXAidnIc53adc7j5uxo6OqX8PxcdZY7uWhJRD1pqrXWPCveb8ATvfq4yitaD95Pvvq/X5/t9f/clABCbpSv5CEnHWsNjWGvSncit9m0Jq3kMoybdcbEny3lRm33UqM11I/9LoE5xIGnQpJOxMN6UiNfNKdCXh6Kv4Jipr9CT/KdAk+ZI9mQ6m4bkQZh4wKOThomWDEy2Z2O4Ogo9BUyTJo9JbirQZDiRvXwXargsGJMP06GvCINW5IXHYm/oKqMw1iJAvyISLXxP6l66B7lB0JvlQmqzXSm9IgSTrZnQV0agX+qLt28mzOkW+aJPHgmDKgtdhSGo47pSVRddzBKCLoikC6L05WGYbOPTR42EVnIKL0deYHp6GrOzs5h6/w5NmT5oEwbjya0kNFwPgCyCQRWesSeJvjwPg74y/Nc9o2nYD+Njo5iZmTHDv5Oq8sGVehfUXvNDZ3EsKi57I9v3kIGgm2VpC5nLuqpoqIUnVj59nFqbvD7cBk/kq88jusYOJWwm+CcOLtNh/Swwj8nqyPUcUpTKVxYWFtYmJjceQ4LSDexaZ+S0R+LBiAIZD8/idMlu8AL3h/71jDKZbI6iKLMgiYY7XlWhdbTCDN4fKUNZfwaUhiJwVf5wl1guM0TbrDYIxGLxnMlkMgsu0fddhUu0qZD2JkH8KB5CNRsFmgTU6ESIveONg3nEEpH8lO3I6TwXE6UM7o+ShyzdHWzAqiTm9mE0vyiD6rkcSn0R6p7dpCWJqNYVIF7Fgm2uxTxDsC+NoOEvvO54CAauIbmbA44iDkajEaHVNghU7IFf6S54yawQV38cVYNCcBr9YSfagfDaADjx7L8T9OSBQIXvZy+hu+Ekz4sKvhr0lcvlfpBIJJBKpaB7QXFxMRzyt69cUPrBNsdyxV3gMEHD3w5cshkgtvqmf8ZGQMzvvWGBnXzCZv36D8sKlHMs9WAJAAAAAElFTkSuQmCC', 'data:image/png;base64,iVBORw0KGgoAAAANSUhEUgAAABAAAAAQCAYAAAAf8/9hAAAABGdBTUEAAK/INwWK6QAAABl0RVh0U29mdHdhcmUAQWRvYmUgSW1hZ2VSZWFkeXHJZTwAAAI+SURBVDjLtZPPaxNBFMcX+leoIB4VFFQEcXtIMXpILbQhYprUmGyym2SbX00aSSCGWrfLhmSTTQI9tDGBtlgIIqVFBNec7NGLaJGCvczBQKG5eGi8fZ1dbVHagiIOfHkzj3mf951hhgHA/IuY/wYoFgsuWZa+/DWgVCoO0GJJUeR9SZrFcUVETPGEi5w2AZVKma1UVFOqWmJp8edms4G1tReYmXl0BEBCU7k9MQbiDLwzAeVyCfV6DbWahmpVw8rKEtrtNpaXl5DNPPwNQIIJgTwIX+y6A+hNcCC3HRFquYDNzbfodDrQdR2tVguSJFFgDalk/BBA+Di/J0RA7vqyZMQV7zncIIN3thl6VqyuPoOiKJBlGfl8HqlUis7nEIuJJmB3zL1D3IJ110W7DjvNHGGHQa5awRgX1WgsQBAEeL1eOBwO2Gw2iGKIKngA6BG7x0ojyNDoD8DlmyAXBsHkclksLi4gm80gkYjDbh+DxWKhMA9CocDhEWr58Y10dRzByijuPxn61nSxIOeubTPpdBLT0wlaHDEtR6OiCeE4L3XFmYCwZn88+5zDy615vO/q0N5Mwqldgv/e2Q6TnIqykckwGw7zbDDoZwXBt2OAMpkUeN5nAjzKrf76xyrWP9WNNdSOAK0TwvXIqf6RR0K7DvABn0y1fwAYyV3Bq62n+HVsfJg3ACc/UQqaoOoa8xvRM/2S7oeim0Aor30nOzhOdOOcQz2Pss6bnY1orGle/eNfRzcXqL4atn/GgpH/DtOZnBuaeVfLAAAAAElFTkSuQmCC', 'data:image/png;base64,iVBORw0KGgoAAAANSUhEUgAAABAAAAAQCAYAAAAf8/9hAAAABGdBTUEAAK/INwWK6QAAABl0RVh0U29mdHdhcmUAQWRvYmUgSW1hZ2VSZWFkeXHJZTwAAALcSURBVDjLjZJpSNNxHMb/VhTUi3pjVFoyj+wyPDG1sDUTE7ES1zCPuXRbZjZrSk63qVPzKNuc+ncmHmPOeU3nkYkEmnjhlVdaBPoiddGbMDEoj6clZEYlvnhe/fh8+P4eHgIAsVWE/kdY4wVWC7NqE0yXUZZLeebFvs7mu3+9bwnzvE1pMyrK6lzFYWxOYaSFbFuCYqaxfK7OEfOtbHzty8a81g1zmqOYKLD4vC0B6b8/Wz/SioVuEssjSiz2kJh93YL2FLuZbQn8vG9wJssfrH0ZrcXqVB2WJnTQd8ghCbmo/aeAQ7Vi5bMuLciDqSBDacsRDJtB+cPI73otHx8akqFvFKFLcRdn2adbnGLP7PtDwHSzpOWzPFZlgVRsTomUh9zCVGTmiZD4JBYNb8qR1i6Bjdi6zJZ/fO+GQMqw73oWcQ11SWGYrBBCzadDHkyDguuB0hEhotSuYJfaIX0gGjVvixGti4JLhBO5IchjWNS8b9f8VZgmngrpcBzClY5IbroJhuIE4nq5YJGhmCZ9/18YT30B91TnwFU6gFVsC2E9HdUDOYipuYrL0kMIkDIwX+TzW7DDIUeQJ4jaKCxS5QzdMAntUN46WDkgg+xlDJS9Wbit9oRT+p61riIf9jps5FYZ7scfWuz4CDyq1kJUokGY4b8/4adtPGS2RiKthYOkJhYkz7lQdKYgqOw8rBKJFYLiraDTec1LjVOrSJ0E2P1ASAcQWHQSVf0yqA0LVPZkoaQ7wyC5g4JOCThqL1BExCcTAWFLjKU6rgzW5oJfrwezFWDq1hCoWcP1AnNcyTEFTXoQbo8PIKTUFeSrJNxSecJMROgPC4hT6zuYyXGfr027jwBxHzhtAOuF4QIdENwIBDUDjIxpiPnpsE/dBaaSBrMEYtYAW28s8Z2K69Ii8Yt3ppfrHKMHQBWPGTIOqnAU7vFDsPCqmsmNCU+yFBt9O5awE8YCgrJ5vT8AXgaV02he+4MAAAAASUVORK5CYII=');
insert into productdetail (ProductDetail_ID, Description, Ranking, Weight, Size, Stock, ImageDetail1, ImageDetail2, ImageDetail3, ImageDetail4) values (6, 'morbi vestibulum velit id pretium iaculis diam erat fermentum justo', 6, 46.02, 9.26, 6, 'data:image/png;base64,iVBORw0KGgoAAAANSUhEUgAAABAAAAAQCAYAAAAf8/9hAAAABGdBTUEAAK/INwWK6QAAABl0RVh0U29mdHdhcmUAQWRvYmUgSW1hZ2VSZWFkeXHJZTwAAAJ6SURBVDjLpZNZSNRRGMV//2XGsjFrMg2z0so2K21xIFpepYUiAsGIICLffI8eWiBBeg3qQV+KwBYKLB8qpHUmrahcKLc0QsxldNSxdPz/79LD1ChBUXTh8sG93POdc75zDa01/7NsgGvPR09rzQmpVZZSCqlAKIWUCqk0QqoZWyKFRir1uvxIbsAGUFqXHQqkpP1L57M3Pm5MMJBKpQHUdF9BKIGQAlcJXOlOVykSdye3leO6MmkGQNyHw+uO/1X3bzGBK+S0B1IqAKqDg3986HeCZPffwvJtoNT7lOZLvUdtAPEDAKBkRzo3QwMUb89InN1uGGD3spdE214xe8MRUnM2MfppNW0Pqy7YAK5UKK2xLbhdP4hlmdxpGMQwwQT8ziNiI534c7cT6WrFazikzF2Eb8HS1IQEDdiWwcHAQmpehTkQSAcgNvSMiYFW5uUUMdV3HW+ywefGNqITJsbUUL75k4FWYJtQ+yaMZcXrk1ANk/33mbdiD7EvlRieETy+FJLkMFcjRRSW3emIAwiF1hqPBfu2LGSWbbA1uZ41SfWkrtxPrPcypsfFiWYzFGzGKTjFV28WEJeIUHETLdOgrmkI1VdHpCdEet5enP4qLK9mKrqMgedv6cyrAP+qxOTiUxAi7oEJi8frELoFoTLpa7nI/HQvscgSRt+0kV1SSW7qYtp7xrBMphm4Mi5h/VIfTcEq1u0oJaknSEdNiMYHET7UvcMpPEN31Ed7zxgASmk1I0g6dK66s8CRak5mVxjnfS05+TsZCw/T9baTx1nnGb47DrQksjE6HrsHYPz6nYt3+Sc3L8+wA2tz0J6pF5OD4WP7Kpq7f5fO79DfSxjdtCtDAAAAAElFTkSuQmCC', 'data:image/png;base64,iVBORw0KGgoAAAANSUhEUgAAABAAAAAQCAYAAAAf8/9hAAAABGdBTUEAAK/INwWK6QAAABl0RVh0U29mdHdhcmUAQWRvYmUgSW1hZ2VSZWFkeXHJZTwAAAJ0SURBVDjLlZPdT9JRGMe5qFu2Lrt1a63LWv9ATRdN5xvLsnLRipzZpIVpigjyIs3XAOUHgopoWkggP5QXSRJwJQmtm/IlAWtt3XXTfubS+nZ+P1eby6ldPGdn5+zzfb7Pc57DA8DbL9rjrYxuVsXf7W5fuC2mYawpE7QRJZpDDfz/EngYVTN9qR4EPvlgXjCiKVCPWvou/0ACxDJjSbIwDefqMPxrEzC87IDUW4Pq8Vv8PQVaX7Qw5qQRgY9ePP0wDMeSFfWTUkxmPeiI61DlFOP6SAV/VwFtRMFQCwb4CdwW10IbVcK+aMHgohmPlwdBZ11oCctx1X5p/R8B9Uzzuum1ntj1Iv1tGRtb3zH2dgSa2eZtOOOCMizD5cGyzR0lGBNdx1TP5T96E4+4WttiWg6mYr3Ifk1DF1PBmxmHYlrGZkbFUDku2oSHOAFjolOuIpZ65rs5+MmKg9hWcJlZWB1UbsOhRjYz5r/MoSn4AKWWQg0nwFoyzndhijRobGWIq3XgPQU1sa2LqjCRHoc81IBK9w0OnvscRWQtBGFfEc4b8o7wNDMKOwnY3lDwZZ+h1idB/zsThpf6CezkstVN3yNwHFMrNGqCVRvlA2UQ6POkud1nTvE0EcVR1gU7JNSCnrPrWLRtw+RM7BKBXnJDP9eOYqogVNAj0Av0uTk7mtjov2+1p2yQ0hIYXnXCs+qEzF+HC9YSyIiIsK84XWTKP5tvPHdi11GupSXHW8JNW+FMAHdclSCCKDEX/iKdDgotRY17jTu31LhvHybT5RGPin5K3NWs1c0yW+lp0umc/T7b383NUdHJa44rSfJU+Qf54n/iNzi8zBtL0z1zAAAAAElFTkSuQmCC', 'data:image/png;base64,iVBORw0KGgoAAAANSUhEUgAAABAAAAAQCAYAAAAf8/9hAAAABGdBTUEAAK/INwWK6QAAABl0RVh0U29mdHdhcmUAQWRvYmUgSW1hZ2VSZWFkeXHJZTwAAALKSURBVDjLbVJNSFRRFP7em+f8ZTKJOswkNTZOmpFKBaWEFDVBFC7KRdCqgiKccBFJKxe6CWwXtWhRtNCihQURRAUliEJYTeoMzOQk05D9jGTjOH/v73bum9Tp58Lh3Xfu+b57vu8egTGG0jU8PFyu6/plTdPaKCopQPGDYkJV1cGenp7l0nqhlGBoaKiVwCNut7uuoqICoiiC/pHP55FMJjFHi4iO9/b2Bv8hIHA5Hb7zer31siwjkUggk8nw2yFJEpxOp1EXDodnKdfc19eX4//iChMlL7hcrnpFURCNRj+m02kP7c08+D4SicxzYuqunqQEVnDSyoaSbXa7HbFYDAQ6FggE4iVS4wMDA4fi8XjY4/EYtf8jqOaa6Ta+n8Nfi+d4d7yGuq3+w4NPY2fYRKwB31I2Q3Pn9kmYmAKmqWBqMRRFw93gTsNUp3URRzdOouHcW6HYAZF0nTgAgSwRTDb6HgF0gfqz8kMySIGmptHvz1BeMSCz98fXJPCbeKG68ACSpQqCUE6FZYDNQWkdyKagLX2AnPsMXc3CVhcAkwslBNQidH6TjJ+hN6RzHRxN7Ug8HSR8DTZ1+PFkMobx5TIsEU4ZHURLTkTTGoFiyGDUqqNhK0RzFbmjQytomF6wYSocw7Tdgf27dqO20oeXoUeYmPmCewH3NWMOGLnLmGZoXZwJUhevaUJU6HkdhVwBD6ciaG1sgSZqaHH5oQkK9u5o59DuVQKulZEEh88DR6OPCGRsOXUeXd2H8T2VRBn50rntoqH70sFb8NY08621KEGRyQOdDOIehGCyr6cjMlIyU16l2VhAaH4c7+fHcMV/B1efnYbVZOHQ/CoBl2CpPQvbZhMEs6X4hCK9hK7h5NcNeDH1HO3N+/B4+ibM9PpjwVEOvWEMUvT2HsaNNLwwBkf5HerqdyRrwitZQp4JsNKTdwhZ9F9PCb8A2smdT0Nb9SIAAAAASUVORK5CYII=', 'data:image/png;base64,iVBORw0KGgoAAAANSUhEUgAAABAAAAAQCAYAAAAf8/9hAAAABGdBTUEAAK/INwWK6QAAABl0RVh0U29mdHdhcmUAQWRvYmUgSW1hZ2VSZWFkeXHJZTwAAAIESURBVDjLlVJtaxpBEH7uvNSL50skFBqCiDVYpCWiIAjtx4Ih4I/zs78jkD9QioVAUBGNWigqRfpBxSO+3LnbmY13mNQWOvAwuzszz7zsQEoJBomWzWY/V6vVb5lM5oruBr/tYBQKhU+1Wu0r+/CbF6cOA02Tv9jr5gbn+TyGd3cQlQpe40nYFry9xZvLS/y8v8fm+lrZ0lJqukbCTlYwCCsWw3a7RTgex3EggLiuK5jkYkYiynYcjcLcEXOsvjvDNAx0BgPl1O31IIjEPjmBHQ5ja5rodLvK1nl48Ang9dgHRIyyN87O0LNtXFD2FLWmU4B0HKxdF99JDwhvhUCB9CPZLwDd2K/gw+kp3lsW5GYDl5wEg8heEdG7oyNkSGuE4GKBRyL1q6jX69J13b/CcRy5XC4VWPiNYzjWwAFZr9dot9tIp9Po9/uq9/l8jnK57H25L/ohAg4ejUaI0ORzuRxSqRRCoRAosw+P6BmB95inXfAWhdFqtVQ1Dg+UqqNW/Jg/WnhZ4mw2g6DJc/BkMlFnhud3cAb7ZNwOrbaaQzKZ5OXBcDiEQb/GA9XljoqU2A+u0CqzqVgswqKv5awcPB6PfSJ/Bgv6V5uEjoIN+wjQHrDmCjhzIpHAarVSLfktdGlNyTHKZf1LvAqYrNlsolQqPRFMp9MvjUbjI/5D6Dd+sP4NLTpNB1cxufkAAAAASUVORK5CYII=');
insert into productdetail (ProductDetail_ID, Description, Ranking, Weight, Size, Stock, ImageDetail1, ImageDetail2, ImageDetail3, ImageDetail4) values (7, 'ultricies eu nibh quisque id justo sit amet sapien dignissim vestibulum vestibulum ante ipsum primis in faucibus', 7, 36.9, 94.9, 7, 'data:image/png;base64,iVBORw0KGgoAAAANSUhEUgAAABAAAAAQCAYAAAAf8/9hAAAABGdBTUEAAK/INwWK6QAAABl0RVh0U29mdHdhcmUAQWRvYmUgSW1hZ2VSZWFkeXHJZTwAAAKXSURBVDjLpZNdSFNhGMefdzues7ODc2wqW5ofE5WVqNgHdRM0AkPsSykWlBddGHXhRRdRBuFNQRR0E/QduG4kjCDSCx0omKzBpNmyi5XuVG5N5o6207ZztrOdnkkJXWRCB/78zvvx/7/veZ/zElVV4X8ezUaDfr+f9vl87EZzyN920Pf0bQ+XT97ZXUlp5n4YIC5KfbdPtT3Z1A7Q3M0w+cGcrqh4PsVxCqXhKFp9fPrWSPc/A9DcDHl5uMTEQmzhC9hIZHZ1aRkKbQ0ow50X7jdvGHC0Ruq3UDLwH3io5JSZrs721hIl7i20S0kKHDX53j/OIBAI3FMUZR8KstksjbI1NTWR4dFJubWhkuF5HiwWC0z7g+lDjj2s2+1OZTKZz7IsAzKmQaNSVlZmxzA7dlykaZp4PJ43ddYSJhQKOVmWhWAweKK6VM+Oj48/4jhOL0nStcbGRjuG2IjX660jhHxKJpMVGCCgtqEiOFheWAlVi+88cgsyirSgVhiGiQiCMLpWxomJie8YYhBFsVun0z2PxWI9uJIrGo06DQbDUDgcdtpW3g8Z517FVTFhzhRphXTLEZNbNF2mCgeByR5MPYMUEolEC/IbcidyAbljl//hYZPVnG3o7Tcztdsh/W7MNDflhr1fV6vWqoDf9AARRkMHbm0WeQBX9iEPGo3GmXR88Vy943iRbn4SyOBJ0C+8gNpqE5RLkY71P9HlcmVxF8VoqimcLrIB+RFVv99zY9px8xkhbcfWy7c6YIWZqWWV+t2BBgqVRgP8KtG6kjoOUv4R4F6eBzkdhRTOFxNayGkhQjZzG187KwboYu7KVrNCUZpFEGMK8EvaXFZSr5LNXudpZ9WlpBA5q82R6pxWDaPrbvuYcv0nJj6CVSYYRbYAAAAASUVORK5CYII=', 'data:image/png;base64,iVBORw0KGgoAAAANSUhEUgAAABAAAAAQCAYAAAAf8/9hAAAABGdBTUEAAK/INwWK6QAAABl0RVh0U29mdHdhcmUAQWRvYmUgSW1hZ2VSZWFkeXHJZTwAAAKZSURBVDjLhVPfa1JRAL5PPfTWyx7WS/QURA/9AREVRGMPvTSIRu1hLBq0oJdWK9hDWFshVDps0dWm06FzlplFP3abtiVOJlOnE51Tp+E2NvMHd2pX93XOYY0wRwc+OHz3fD/OOfdwALh6OJ3OBzabLa3Varcp6Jxyjdb+Q0xMTDQZjcZfqBuUMxgMzQ0NdhLjJK1GAKvVilAohFqthmq1ikAgwDj6ja6ha/80YgbEvfx3WiKRgNlshs/nYxgfH2dcXaMyM7BYLBoCBINBlkjhcrlgt9uh0+kY6JxytI0kSfD7/aAanucNHEmSwuEw5ubm4PV6WSJNrx+UC37nEdZfRNQqwzx/Fq+Hb1Y5Ui9XLBaxtraGWCyG5eVlkP0hEonsNqJz79dHyAi9yPnfAcUf+Ok345v8/DZnMpmYQT6fRzabRTKZZHU9Hs/uGQSmFdhc6Ecl9RaZqcfYClhQTUzDp7nGDpAZ5HI5bGxsYH19Hel0mqWyrU2pkF24h9rWNLZi17E524NFXScRd+GVSl7gyN1WRFFEoVBAJpNh4ng8jmg0irBHi2zgDmolF8SlDpRW2lEI9WHpZStmhTcYGhoqc3q9/rMgCEilUmwb1ISehXdyGBlP7474CkrJS8gv3EX0eQtm7KMgwVAqlQ6OXNM+8nN0jYyMRB0OB1ZXVxFxjyH08Rap7UQp3onyymXkSJOI6hysYzwVJgh6FArF/t1fUqPRNKnVahk/0C0G3/fB9+EJ0u42iPF2bM7fxqKqFWrlgEiEciI8uOdbMA2eAQoJhF9cgNDXjBlSWZCdhO5Z/yciPv7fx3S/66hUcSlRcT+FW3YKxquHqqOD3TcavcSGBm0nDpQedhyRJgdapC/y0w5b77HDe4kpfgO2GyDntdvjkwAAAABJRU5ErkJggg==', 'data:image/png;base64,iVBORw0KGgoAAAANSUhEUgAAABAAAAAQCAQAAAC1+jfqAAAABGdBTUEAAK/INwWK6QAAABl0RVh0U29mdHdhcmUAQWRvYmUgSW1hZ2VSZWFkeXHJZTwAAADISURBVCjPvdCxicQwEAXQzzlwcMZg9jhFKy5QpsyRcKLIYJxsYLAruApUgSu4DlTBdLAVbCO/jblgxcImDs1P3/wZBorj4BSw7qussmyKeRslStgVCjfYP3MtDSsXefoogQrfOrHZtK8VC28FBOmpcHcrbzfcOD/GFFNI/eOHbjI0ubs3uW4LmDmWCS/ftMlQ0VxrVr8FjIwFOLnQpI4KRUWkAiJDAVa+2PlP1kPlP4hBAUXcg/TiN4XdjHTS7PVUZWRM5736OP+SP+v5etuPyQAAAABJRU5ErkJggg==', 'data:image/png;base64,iVBORw0KGgoAAAANSUhEUgAAABAAAAAQCAYAAAAf8/9hAAAABGdBTUEAAK/INwWK6QAAABl0RVh0U29mdHdhcmUAQWRvYmUgSW1hZ2VSZWFkeXHJZTwAAAEXSURBVDjLY/j//z8DJZhhmBpg2POQn2wDDDof8HvOe3osYtXzDzCxuM2vP3gvfn4MJIfXAP22e0Ies58eK9r2+r//3Kf3YOIhq17eK9v95j9ITrv2jhBWA/Ra7kVEr375vXDrq/9+s57eUy+4IY0kJx2w6Nk9kFzE0uffgXIRKAboNtxlC1/+/GPljjdABc9+q+ZcM0Z3qmb5LWOQXOmml/8DZz7+qJB0hQ3FBerFNyNC5z/9nrXqxX+Pvgf35OMuSSPJSXtPfXQPJBc089F3oFwE1jBQTLkiZNtw51jq4qf/XVvuwsPAa9Kjexkrnv8HyclFXxTCGwsyERf4LctvHvPuvAePBf8pDz/Y1N45BpIbKUmZFAwAR3nW32nUrY0AAAAASUVORK5CYII=');
insert into productdetail (ProductDetail_ID, Description, Ranking, Weight, Size, Stock, ImageDetail1, ImageDetail2, ImageDetail3, ImageDetail4) values (8, 'aliquam erat volutpat in congue etiam justo etiam pretium iaculis justo in hac habitasse platea dictumst etiam faucibus cursus urna ut tellus nulla ut erat id mauris', 8, 44.79, 43.68, 8, 'data:image/png;base64,iVBORw0KGgoAAAANSUhEUgAAABAAAAAQCAYAAAAf8/9hAAAABGdBTUEAAK/INwWK6QAAABl0RVh0U29mdHdhcmUAQWRvYmUgSW1hZ2VSZWFkeXHJZTwAAAMUSURBVDjLbZNLaFx1HIW/O5ln6jSZJE3SJE1L+pym1aSbirXoogah1KZUIYISRerCot34orjTBsQigt2I+EAEFwouRBMogdgniUmkIMZMpulMY2eaSdqYed659/5/PxelXWjO+vBtvnMsVWWtzP78TDciH6hoVEXeih8b/n2tnvVfQGL4aLOKvqEiJxu3Hqs3lWXupkaLKvqZGvl4z8BoZk3A3Eh/QFVfUpG3o+1921riz+ITQzE7SSBUQy45xj9/T6VV5KyKfNEzeKnyAJAY6e9D9L1QrOdgy67jhGPbQR28lTlujJ1h0+4D+Go3Uy0tsZicorA0M67GnNl3Yvwna3b46FeIDDZtG7DCDXuxC8usLs1gnCJuKUvIqtLauRPsFWoe6sQXjpLPJlhMTlFeSX/nVyMv7Dh0znILyxSzY4iTJ1ReopzPkl+4xb6BTwlE1kEphZaSWPkEjW0PU9cA07/MP+dXkZJi1QXDIaINnVSW/qQ2Vk99LEKEMtg3wQTBvgWVBcq3xymmrhDechw1UvKrCAhgBQnUbScQimLnJpFijkANWOXr4FPemfiBlWqV97e0QDCEuh4qgk+NcM+DAa2Cfx3h5l6CDXHC0Vrk9nlW0z9iey4dTXFOzaaQso04HmoMfjXmnlA1IC5IGbTKmxPfg7o44uJ4HhtjO4i37qdgl3h5fpxvmx5HjeBXkYgvEAAi4N0BqYLYeOLwVPcgRgUjBkHJrC6wt+MARafCkYtDfCTtYb8auTB/4ZNDbbueJhLrAM2AcxfbczAqpO/M4YqHJy6ucclXC/RsOkjRLXPixuWgT4w5XFi49OpfI6eT6YlvMAQhuhPbs/GMR8v6TlrXb2ZjXReBmggbou1ML1zm2vWri4elfsODKU9/vr9ZRU6pkdfaHumvf/2Pr7EdB0ccbM+hq3E3j3b1MXnzCr8mzs+UPe3NDGn1f2f67Vxvtxo5rSLPb33iFauSS5GZucbJ0sXqns4nQ2OJ0SlHeCwzpM6ab7yfq2e7+1TkXUSCKvLhi3bySyM1TRUxgdyQevd7/wI8lcwGoqfWawAAAABJRU5ErkJggg==', 'data:image/png;base64,iVBORw0KGgoAAAANSUhEUgAAABAAAAAQCAYAAAAf8/9hAAAABGdBTUEAAK/INwWK6QAAABl0RVh0U29mdHdhcmUAQWRvYmUgSW1hZ2VSZWFkeXHJZTwAAAI2SURBVDjLhVPfa1JRHPepnnrrT/Al6KG/YG9RD0EPFXsJCkaMHjMKIamVNQhqQW3LFqtZq9Yg1KXVcBhdZ9ZDgyblT9y8Z1fdvXo3Ua9D1E/ne6c3bUIHPtxzPr++5164JgCmDsJ+0/FI2BTu5v6n9xgSEZNWLh0BN9r6FfTTewyx1f3QqsOIre5r9ZvY0aM/d/U9Be+WHiO4PIg5n70mCEIizgM0MRQ4W+Bn93PPOJY+n8H4G6vUU8BFM8fYtL8I17ctTH7IQ9M0GBP5s1AowP5WguOjjIsTSYUyRsFXweNkjOHJooL5oIoJrwJazve7E2c8o/r52ksJDxc2YZlKgzJGQVAINPjC6y8qN8jwr5T0wJ35LByfZNx4JelnhyuPq9MMroCMZWFxxygICb5WvV7Hv+v6rIRH3k1YXzCDazabkGUZye+2hlHAVizNRDwKeo3Oohs53DlYnzEsCEWdU1UV8dhv5NM+KOFDfwu2QgcatcxtpJJR/WPlcjkwcQ0bG0wHFSuKgvW1FEqZpyAvZYyC7MjhVmFmGJXUXShMQEmcRU0cNaCJ97HN5lAV70FL2UFeyhgFRe/BhvzgHCTLKSiTQ9j2XkLlh003E2hPHGnkIS9lul9hp5a5hVLgCpSpC8jaBiEOncD66aM6aE8caeQhL2W6C5zlXye5cLPn6n3BPeSlTHeBmWOMo1aOHEMlfh5a+jI3j+igPXGkkaftNe/5Fzg5wGHjcHMkOKptJNocaQPdmT/bXw90YXDpsgAAAABJRU5ErkJggg==', 'data:image/png;base64,iVBORw0KGgoAAAANSUhEUgAAABAAAAAQCAYAAAAf8/9hAAAABGdBTUEAAK/INwWK6QAAABl0RVh0U29mdHdhcmUAQWRvYmUgSW1hZ2VSZWFkeXHJZTwAAAE4SURBVDjLY/j//z8DJZhh8BhQXl5+oLi4+EBubu6BtLS0A/Hx8Qrh4eEH/Pz8Dri6uh4gaABQcwBQ84eUlJT/QM0TQGJAzQ1AzQtsbGwUiPIC0GYHoOb/kZGR/4GaC/DZjDMMgM6eEBgY+N/Nze0/0GYBkg0A2iwA0uzi4vLfyMhoAskGgJwNtLnA2tr6v4GBwX8FBQUHkHjIlAcKpaueX2jZ/PKDb9fdBgwDQDZDA6wAxNfU1JwAdMF/CQmJD4KCggbJ8x5vAGpU8Gq71dCw/vl/DAOgNh8AORuo2QBo8wGg5gNAzQe4uLgOsLCwGIDUJc56eCFl3qMHZCUk+4prDWGT7l0wz7lkQLIB1kVXApyqry0wybggYJh8wUEv/qwCSQZ4t948kD734f/kWQ/+h028+2HwZCYAjxChYziQ1VwAAAAASUVORK5CYII=', 'data:image/png;base64,iVBORw0KGgoAAAANSUhEUgAAABAAAAAQCAYAAAAf8/9hAAAABGdBTUEAAK/INwWK6QAAABl0RVh0U29mdHdhcmUAQWRvYmUgSW1hZ2VSZWFkeXHJZTwAAAI4SURBVDjLpVPNaxNBFP9tNx9N0zW7ENRFE6ygpYaCNXrQkwWtFUUEc6hgD/0TxKsS1KOX4LlQEAUPfoAKpScDAcHUhI1VCr2kF4VWsRBCk93szPhmYqJt0pMLj8fMzu/jvTejCSHwP19g90a5XF7wff9Wq9UKUAZlFZ7nyfw8k8nc7EtQqVRiBJg3TTMTDg/BJRA4h/JHLi3LxNLS4gytegkcx5mW4Hg8figajaK6/g1SnXMBLjgRCTAic123fwl0eDGZTKqNRqOJFoFXKiUi4N24OHVZldGXQNYYCoVQq9XayozhROqkUhd/1GWz93QgmRmB5CE5FGm94ixTZkrdjv3CSNCHxs29HbR7JRSRJEiNn1LqEE0cFq9h2ZM4auZ7CAY6DjoEikQqs3btgUAe8cQ57LMnkDA2sPrq+pm+BF0w+9s4nf2AsfUFRtwEq71BYmIOzPXurTydDu4gkM3p3EjZODU+cmE0PuJIahZollF88gzDZgN+07tKca3HgZyCruuqbmk/7FWxPxaCYW2Du1Wqj4PVlzFy/o7mu+7D4uOzxr8OioVCAfV6HYZhYHAwgOHae5hJGuX2Z8I2kL4xCu59p39rODA+M+a73m2J1TrWc7ncFZrGfdu208fMTRqdhoPHI6RapPI8lF6uEskYND0GRC7h0/zdTcH5pLb7NWaz2akLVv7d6dmFoD6wDuFvyfns6LseGcXGVwdrbx+80Po95w+P0j8F40OyH0Lewm6Ibkb7dpZ+A2HofmbUgVesAAAAAElFTkSuQmCC');
insert into productdetail (ProductDetail_ID, Description, Ranking, Weight, Size, Stock, ImageDetail1, ImageDetail2, ImageDetail3, ImageDetail4) values (9, 'a feugiat et eros vestibulum ac est lacinia nisi venenatis tristique fusce congue', 9, 43.71, 71.25, 9, 'data:image/png;base64,iVBORw0KGgoAAAANSUhEUgAAABAAAAAQCAYAAAAf8/9hAAAABGdBTUEAAK/INwWK6QAAABl0RVh0U29mdHdhcmUAQWRvYmUgSW1hZ2VSZWFkeXHJZTwAAAFFSURBVDjLfZNNasMwEEafHfcA7coUsigEssmZep2ue5VCobfIJgsbuklLS6DrLhJrvulClpF/0gExI8v6ZkZ6Kk6nk0siH2Y287vdrmDBKjOjruulNdwdgMPhwDWrJAGQ/HRzWZaY2XWB6WLamMdT8cUKAJ7ffobY3DEDNyHVvL5/eBCEYDw9PhSzCooifru/vcEdJJAck0dv0b9/hXkLTdPE0/Y7TOByJDAJM5AJ60XO3bjlarvdDuW8tN+eMsl82GQSMjA5XedjgXwSJCwIE1ifNQkl300ryCddJ7rQZ3Oh4ASlFuJthOC0besJsLHAxQihGmUcWupHMGez2QyAjQTOF9F8/qLQt2Px2mJFjguciHsCrMjBye14PPp6vR4gmgK2Wq3Y7/eU1wjLAVuiE5ifQW45YAmypX/+FRgA65/1NJbEH0d3cad+jVEKAAAAAElFTkSuQmCC', 'data:image/png;base64,iVBORw0KGgoAAAANSUhEUgAAABAAAAAQCAYAAAAf8/9hAAAABGdBTUEAAK/INwWK6QAAABl0RVh0U29mdHdhcmUAQWRvYmUgSW1hZ2VSZWFkeXHJZTwAAAITSURBVBgZBcG9r59zGAfg6/4+z+/Xnp6qKol2IuKtNmlEDMLCQBeDySIRGxuDRExiszXphkTS/8Bo0DJIREQQSVkk4qWqDY32nPM898d1VRLPvHPx5Z1jh14a5QwOo0AhRdrS/fP1q/m0/rn25qXzZ/cBKonn3vvi0sevnzk9Rh0PkwCQQFy5ceDCV9f9/svefz989+OJz8+f3YMZxlQPbefp+Pd/mkYVRZo1bVni5sHq6Qdu8/iDsy/7ypH0w9eeeu2TOz479/zegKo6mmTaTsNmMBfTYCqqGArt1LGts4+dcu/9h3bmY7sfwoBQMDCKUWVUGVVGlTGV3/6+6Z6jBx45UV594k7TZnoRZoCEeaKUVOk1jDJPbDP8dDX2e9G978n7Dql5LDBDQjDXEBHUKIU0mQZbRpfuSQxqgBmCRhWlBEGazQSoodaSEY0EmKEXEhqFJGAMdJmnkCJEWZu1gRm6IwkhAkCAUirMg8bhDesSMMParCFNAwjosDZBhxSbaVj2FzBDL9GJk2+/IoqgVyrSgLQK0B985GCvwQzLslpXtneftHv6NOsqvdIlCR3SKu3G5cvScXBrATMse91Ldxzs141vv5EVvYIKLSoINWKeRy9rLzDDwa31j93tdNdfb727m2QIDbh9ZwYJO5uhSm+m+ndd+leYoSrvP/vGxReq6tHIEQAhiAABt7r763m4AP8D8JchsxSnIZQAAAAASUVORK5CYII=', 'data:image/png;base64,iVBORw0KGgoAAAANSUhEUgAAABAAAAAQCAYAAAAf8/9hAAAABGdBTUEAAK/INwWK6QAAABl0RVh0U29mdHdhcmUAQWRvYmUgSW1hZ2VSZWFkeXHJZTwAAAJmSURBVDjLjZJdSFNhGMdXW9BtdxEEeRFMJKiTladSajoqSOnOqy5CgyIkKFDLyI/Q5sZgRYpQFtJNpYgIkm5mVFpTc7Cw47Dmml/RZufs65yzr86/9z0qrVLrhf/N8/L7P//neV8NAM1GmuspaiXCilr/vP8vOB2fUbWWyb9h0YVE8CFSkSFSVlQTX6fhwYYGmXD8qxWJpY7V7qDH18HC2cK+3MhAjUxhef4m4t/uEQ0um3QZoKR5eNsY1WRdAxqZwqoW6lWTVHgQ0WkLRO8p/Ii/wrRtL9ZPIH8kCZp/mahGDYhwJxBy5ZHxusHdyF4T3kx3EBi+TIA6hN35ED+dheS7iOjUGQgTuUgJjeBqs2FvyvX8/d69RgRGKpHku0g3lsDFpPt5RFxHIYwyKjxVnwOH6cDkb0uksJIOkzkdkOZrEPqghzh5CNKXW5h7WoDZZ2V4d24XBg062E9vTQ4YtdWqQeZPSwQ6EfWUkE45iHL5kP1mjJkZfqhCv+S+mge5zwqF64f45ArGL+1J2wt1FSudQyRyD2KeQvBOPWJTxyHPNmPcwnzvNeU9HijSeiUC424xULUNaMpC0HwMpD5DDSJJwUGWxYIf0UP6XELgRoxZGL7Pwt6nMUlsRZnoRuYRarfTcZTlN4+9RZgrJAs7CdHfAKdpX+i5lW1b3Q+Zdy7WXgYQKF6pAU/kv6AFqc9r/F2GCTk4DMlfC3nxEUbNjGC3Hb6T+bRvSnfUjZbvTi1WZSFwbQu85ZvwoliX7jdqr2vG2gtq3K0HF97b9gfpzK9bjtxe63MNl+6sJh19NDZNRGFa/wllZefQFCrWMAAAAABJRU5ErkJggg==', 'data:image/png;base64,iVBORw0KGgoAAAANSUhEUgAAABAAAAAQCAYAAAAf8/9hAAAABGdBTUEAAK/INwWK6QAAABl0RVh0U29mdHdhcmUAQWRvYmUgSW1hZ2VSZWFkeXHJZTwAAAJlSURBVDjLlZJJa5RBEIaf7q8nGceJRMkiKCJIEEVUXMYtp+gxKBIQXC4iIjl496IomJuiv0BQD0HBQyCHgCIqxn29CYqKGjWZaGRiJjNfd1d5mJhE8KANzdvVTT1db1Hm8p2xE6ocjiqLRYQoEESIUYiihCizdiQGJYo87jnQVgBwonq0q9DQxH+sk1ferP59dlGkCaDv7UWCBEIMeAn46Gc0hum3Y1t68D7WzwIoAPtWHvqn3ycqAR8iM4AoAPTeHfknwM4NC0hnA8IUAGBvewtXB4fZs611+u7ag2G6Ns/Eo6XKHxWYc/1DeqijmYEXY1gAYzAot18UaaiHchqYn6/j88gkxkI+lyBqGCtNcvP50CYXo6CASwy7C830PSqyq9DCwL2PdBSWs2tdnv4Hnzi+f8UfVi7dKiJiHlofBRVwFvqfFkmSmparnu/jAYDrT4anEysBSlUo/kgxRrA+CKpKJoHO9c1knaFzfTPWGhIFH4Wz3esQUaIoCULOCdVqldJEigtSa2JiDTdejgJw4+Uo2YylUvWcvvIeayBEQabsqioo5DKCDSHUemBhx5omXFLTIEo1BhKbwRiHIcGYBNSiavAhkKYB52PNwqoleb58n2RZ6xzeff3JeNmTMY7uzgaCpIAFBTVC1tVxpvcD30oTuBh18FTv67VplLk+RHyIxCBTfjMIk1x4doSm3BIMlmL5I4c3nseSpVxNcWcPrmj/28TtOX1fly6E1vw429cUaKxbBBZ+VBbRMjeQqwNnDEZV/zqyG7qvD7YtnrO1sb6RrJtHEI8RwWhETJlXH94yUvL8AgiPWj6e64RKAAAAAElFTkSuQmCC');
insert into productdetail (ProductDetail_ID, Description, Ranking, Weight, Size, Stock, ImageDetail1, ImageDetail2, ImageDetail3, ImageDetail4) values (10, 'sit amet eros suspendisse accumsan tortor quis turpis sed ante vivamus tortor duis mattis egestas metus aenean fermentum donec ut', 10, 40.97, 88.36, 10, 'data:image/png;base64,iVBORw0KGgoAAAANSUhEUgAAABAAAAAQCAYAAAAf8/9hAAAABGdBTUEAAK/INwWK6QAAABl0RVh0U29mdHdhcmUAQWRvYmUgSW1hZ2VSZWFkeXHJZTwAAAIOSURBVDjLpZM7aFRhEIW/m73r5gWB9UFEzAMsjIIIgkViFzFgJbHR0kqI2Ahi7KzsrEWwCQZsBFFIExWCqJWKClppEDTxEVCym73/a/75LW7AFIksOOXA+eacA5OllPifyTdbTt9dSVEVLxCj4kVxosxM7c3aAjivHNvfjaiiCSQmHrxstO/ABMVHZWVVCDHR11VhzWj7gJYRvCg2KBITLu+gaWRzQLp6uWxRlRSEFIRi+ArOJ2xIBFE6q5GGjf9wMH4cVMliJIuR5lvFScK4SIjQVU00toqQgpCJwOtXIAEOHWbNeGxQCl9GsNsyxIQtAM6XAGchCARh1SVcUIxTQkz01hRtKRefnEvBC94Hgg04F8jVOjpEwDoIAbxnraVYnzBe8bHs4pTc4/TMU+LyF6Rex41OcLv2jVzN+mXnwHsQQUwoHawD9n28w9jgAgfGL1AbPoh5N8+HZ48ZwdChhS2FxoC1EALaUqwvAcYre97fYmR8ks5PC2QzZ+levM/QQJ0jn7+Sp8LAxggiqFHMBgd9zSU6+4fh5KW/5V3bTb0I5FqYUjg6BjGCCMkIXhL9fVVEodGzi+LNHD0Pp3DmOwXQbFT4XcvJb9ROoLM/SU5IIZJCRHsjc7PL4JUUhZ3bJ+l/Mc/Qji7ySpXmirD4o4NH7ihZu+/8/MzAdOvX8vlKzAZjJS0luDkxL9f/ALqCe8YKiajkAAAAAElFTkSuQmCC', 'data:image/png;base64,iVBORw0KGgoAAAANSUhEUgAAABAAAAAQCAYAAAAf8/9hAAAABGdBTUEAAK/INwWK6QAAABl0RVh0U29mdHdhcmUAQWRvYmUgSW1hZ2VSZWFkeXHJZTwAAAGsSURBVDjLpZIxixNRFIW/kVHQQlwEQdgUdkkgTX6BkMIi/yJY5geE/ISAZIuUSb9lgnYWNsraaOkkTSSz6MLWJhmY9+7ZIm8mCUYLvfDg8d49h3POvZEk/qdigMFgkEqqSEp6vV79b4But/shz/OXzrlkMpnU4/BeabfbzGaz2pt3NzIJAd4DAplhAm+w3W7pdDqMRqNaqcB7/3U6nTbjR095fnYfGQiQCRPogOT2yTnD4RDn3CeAqMhg8Panzs8e7AAGkpDApJLITJiJ5U3GoPMiKhUQ5HoDJMwCsLjbMUnu7ThEAHnbNQrMDBkBYCWwIHTuBIEzMC8sNO2ai7vtlQjM6XcCc4Y3lT514FnBUqHEnSJwDry30v8xyV6RBM5OWfAe7+OQegAqjPIgQEl4f1LB7qOUa2DB++E4FbIqKpJEq9VK8zyvPHz8jFedi6PED6VL4vLiNd+Tz3jvkyzL6vcAsiyr9Pt9bn8sWVyvWVxvmKdrFqtfzNM189WGZLUmSTcsv10xHo9xztV285doNptfGo2GVavVK4UF+tOJ4/h9FEUCPkrar/K/1h35Nbw8S+DdbwAAAABJRU5ErkJggg==', 'data:image/png;base64,iVBORw0KGgoAAAANSUhEUgAAABAAAAAQCAYAAAAf8/9hAAAABGdBTUEAAK/INwWK6QAAABl0RVh0U29mdHdhcmUAQWRvYmUgSW1hZ2VSZWFkeXHJZTwAAAKaSURBVDjLrZNdSFNhGMdPF15EdOO94E230kXR6sIZZl4VkRiVMdOLiqC6sMgr08hQQUqUnBFJbRqKpa6yrw2bzm162lduY2dubjvbbF/Oj+WZuu38e8+hdRNGUA/8eDnw/P/v83FeCgD1L1D/1YBhmBKCwuVyKZxOp8LhcIzZ7fax+fl5hc1mU1itVoXZbC75zcDtdpcSYWBxcRGJRALLy8siyWRSPOPxuEg0GgUxBU3Tgbm5uVLRgIjLiZhfWVlBPMziy5thTD59iPG223jZcl1E1d6Iyf4umCZGSE4QsVgMRqORNxgM5ULZFkGcyWTExAenDv4RVUcjUqmUaDIzM2OhSDnrGo0GPM8jS0w+ytuhvFmLRxfK0XVaItIrq8DgrTrQfefhV9Xhm0kptjQ9Pb1GKZXKUCQSQTqdRjabFc/t7W0RobI8Yb0cidkbyKRmsaS+CJduCFNTU16qu7t7GD9DKI1MH4JhfnACQWM/YloZMqsKrNqbkTA0wTtQjU/yhneUVCqtzBsIfZG1wePxwO/3w+fzQdiM5/U1bCWHsLnUhM3IY6zamsCxzWDkZWtUYWHh4fztglgQBYNBsCyLQCAgfi98uIfv3nZw/qtIsw3gfLXg3NUw3ZGkqIKCgkNklZZcLieWKwjC4TBCoRBY+yQCE5cQ0tRjnZGBWziJtLcGGy4ibtmfeX62+BxFYrdgMjo66iRGsFgs4gyC9CB8IzWk1D5seKrAMcdh6pHC2nEMtjbp1gtZcdWvP5HELsIerVY7QnbLC32H3l8hPT/D+lcJOGclzL1HMSa/y2vejr/6LCvau+Nj0uv1RTqdLutR1WMreh8bzAnQPWVQPWnNqdXqor9+jbOdB1od/RVRuvOIf+DyvjM75f0AOEMKvrn+ie0AAAAASUVORK5CYII=', 'data:image/png;base64,iVBORw0KGgoAAAANSUhEUgAAABAAAAAQCAYAAAAf8/9hAAAABGdBTUEAAK/INwWK6QAAABl0RVh0U29mdHdhcmUAQWRvYmUgSW1hZ2VSZWFkeXHJZTwAAAEgSURBVDjLrZMxSkQxEIa/J2IhVmKlF/EWVl7FW3iNrS28wna29iKIKNgIvrfZzPy/Rd7uIu5jFzQQApnMN18mpLPNX8bhrgO396+bCoaUubk67/YGAFycHiEbCZ7fFz9iB/sAVslKU9Pbr3D30NuAEgzYcH153EWaDJBMpqhlApCCs5MDBFjw9ikAIkSkUJqQKDW2A2xIt1WGaPnUKiJa9UxPG0SCtAFktv1l9doi05TI7QCNBtJPg2VNaogcLWrdYdAARtkItSRRW/WQqXXCINQaKbsZjOdKNXWsLkFMPWOmSHWbHnjVxGzJ2cCSJgwMLx9Jji+y+iKxNI9PX78SV6P7l880m81cSmEYBhaLBX3f/5rDMKzjpRTm83n3LwbfdX8jZ1EmeqAAAAAASUVORK5CYII=');

/*Población de datos de tabla de producto*/

insert into product (Product_ID, ProductDetail_ID, ProductCategory_ID, Brand_ID, ProductName, Price, Disccount, Image) values (1, 1, 1, 1, 'convallis duis consequat dui nec nisi volutpat eleifend', '$4628.30', '$964.56', 'data:image/png;base64,iVBORw0KGgoAAAANSUhEUgAAABAAAAAQCAYAAAAf8/9hAAAABGdBTUEAAK/INwWK6QAAABl0RVh0U29mdHdhcmUAQWRvYmUgSW1hZ2VSZWFkeXHJZTwAAAIvSURBVDjLpdNdSFNhHMdx6YVIhaALC8GLoFcso5dVRHVRFFQISlJeVFYQgdKKiEprldrmS8KgWYK2raZGbaOcafamLVxq6qxs5qxIHYpkUiYsmVvn2zmnGBbkhbv48Ryeh//n+Z/D/4QBYaHkvweagxujb6cttzlOLuqtP7Wgx3I0tjr38Gp9TnIMYu6L2TEh8DkjQhgzJSL0tSC4rAR0K+i8EId/9BtPLq2RERnQ7Fs7xZs/4643b/qYN3caXrWY7KkEGnQw2AkjA9DnhN5G7FU38DzVUHYiTgIOyUBByqqI0ZyZ9bSUgNMIzeL6/iF4mqDrAQy8+b3fdJUipYK+51q0KfMkIFoG9EeWLfRlRrbLQFkilCZAbSa0ikU9DvHmF+KznmHzcZ81XcGHe0qpmOBHtB2bn+BXz/HQoofyJLi1B+qy4FU59Iutd9WIXRXTWaEbthdsprtG9TfgzJirFhza7zxWgXkvWPbDMzW8NcPXbvhYC+5qWiv1vDPtpvHKNglwBYEvmshK8YaA3LphOzw6B+134JOdQKvx54gx6YfPGO9/XZ4uAxXn10tAdhAYzY94KTQWQlupGBNCRyW+QgVDqkih7fJOp79em9x/84BhZUwULsMuilNjJWBTELAol5R0qKK8Q1nhwmBmuOA+PdtnTl3cMH4mxIIt19OWyh2Mf/8JB+kfIM92cUNIgLu5KD4kQC6uK9gaHOFJAdaz6yTgzGSAa3/+QmmdNf7sF2A4ynPOLQFtAAAAAElFTkSuQmCC');
insert into product (Product_ID, ProductDetail_ID, ProductCategory_ID, Brand_ID, ProductName, Price, Disccount, Image) values (2, 2, 2, 2, 'platea dictumst maecenas ut massa quis', '$1282.74', '$188.53', 'data:image/png;base64,iVBORw0KGgoAAAANSUhEUgAAABAAAAAQCAYAAAAf8/9hAAAABGdBTUEAAK/INwWK6QAAABl0RVh0U29mdHdhcmUAQWRvYmUgSW1hZ2VSZWFkeXHJZTwAAAKhSURBVDjLpZNZSJRRFMd/937fN58zqWPpjBWamYmtlG0YLW+RVEQPLQ9JVNBCENR7UEhFJPUSZZAR0UsLCEE9VGQLLVCG5kJm2CZajjg2rjPfzHdvD4NTRj31h/NwDvf++Z17zxFaa/5HJkDFkVtn3ITYHh5x04ZifzmlxqdeGzK9XKmt2nbYBHCVqDi+b3EgGAgIIUw0oFP3BFqD1mO5xk047K68txNIGoSHXDuQExAHzl5jan4WtqFwtQ3SjxQkQwoMKfja1syJw/uJu0KkWhiJgZQmxUXTmVe2EkMaaO2CMEEIpBAIIZFSYhkSpf54g7E2bTuNNG96kvcvyuivY5NzmcGnL6la+MTfdOHYjnEGcSdKPDoKQqC1QmkXpSQCyB68S3GkAe/8CvyFpfz4VELb/ZrTKQOtoTfSTV8oQlwlUNplINaD4+ZRqB4xL6+DzOIVhDve4REOGZmTSc+e5h9n8L3Hh9UZ/VXQAQrMZ6yb1U7WjLXEvl3H4xN8aWwjMqy1dPoXyDF8rUEaHqRhJ8NMo8DTSEXJW7KK1hHtvoSw+rHSM/CqPi5+WDK89GBtu/yd4HcFBx6wJf8V/pkbiXZVI604zsB0OuveYJQdpcvJcQEkgFYKAYQ+t9LZ+hLZWk355BaCc9fjfK/B8GhiAwV0Pa7nWHMpMrsk9ZVmctaSE3b+5BF6Gm4S0IoEeXxrPsfEoIdoOJ++122I8stUbp4COClSCZDplRGViDLF5xBqqmHOyr3Ync9ov/2cxnth3j9sxL/mBLnBbHJ9cSzpYFtCpwgm2PLGnpMPl4/E9fxV0ZDfab1D4YJVRHr76Kh/r+/4Dg33VLW40AKAbYHX5CqA+HOdt66eNLpoRq65bHYh2oq9GA317tpwqunjv9b5J0pAFDVe4XHbAAAAAElFTkSuQmCC');
insert into product (Product_ID, ProductDetail_ID, ProductCategory_ID, Brand_ID, ProductName, Price, Disccount, Image) values (3, 3, 3, 3, 'scelerisque quam turpis adipiscing lorem vitae mattis nibh', '$3101.46', '$692.29', 'data:image/png;base64,iVBORw0KGgoAAAANSUhEUgAAABAAAAAQCAYAAAAf8/9hAAAABGdBTUEAAK/INwWK6QAAABl0RVh0U29mdHdhcmUAQWRvYmUgSW1hZ2VSZWFkeXHJZTwAAAGtSURBVDjLpZO/a5NhFIWfL1bNoFQdREMRRAo62CqIhOImWRz8A9xcNU4uFd1asEs3cXDxX+ggFkTQoZRsUrGDCDpoY4VSEoPRku+e4/B9+UUyFHqnM9zzcM77chPbHGQKHHAmumL51c9eFNkYiAAMlpAhlOkQLNw5lwwBAEonj2CMBQYsI4MHIBJ8/dUeTRA2dm4Q2MbO0+QgyUgmOmMqRGQRsZFyY1drGNIJjQIcyhYNkrDIDeoZu8A0HQNIBQqjfClb7mr1kxiUehSgVITc6+mBzs4rdZOk4wBpChHq9R+GQLP1luaf9/zda9Bq73HrUf3J66cbi31ABBET+avnRmdfudNYpThZo3LtOlOnpnm3uULt09ZCuVo6UegnMBFGKUQ4+5UQaZitnRWuXJwlCsHs2QqRdChfngO43weECZlUzrWIyJLstrY5nBzj9qUHADy8+YILp2cAigNvID5/b/c6S8JhBOz+brBZX2ejvsZ85SVLb+5SPHQU4F+yn2ssV0uLU+cnH8/N3GD6zFW+bH9g/eMaP741l5P9nnO5WloC7gHHgRbwvPasPv8fJZl0Xd9fi4EAAAAASUVORK5CYII=');
insert into product (Product_ID, ProductDetail_ID, ProductCategory_ID, Brand_ID, ProductName, Price, Disccount, Image) values (4, 4, 4, 4, 'primis in faucibus orci luctus et ultrices posuere cubilia', '$1601.47', '$434.72', 'data:image/png;base64,iVBORw0KGgoAAAANSUhEUgAAABAAAAAQCAYAAAAf8/9hAAAABGdBTUEAAK/INwWK6QAAABl0RVh0U29mdHdhcmUAQWRvYmUgSW1hZ2VSZWFkeXHJZTwAAAJcSURBVDjLjZJNSFRRFIC/N29m1PEHNSUc/5WUoj+zAXe6ctmiQNtEFIWLoAhXbYcWkZCge2vTqghKyk2oREVa1hAI6SINQhpRGs3Gee++e0+LGZ9jtuhwD+cuLt/9zr3HEhEWFhbEGIMxBq01Wms8z/Nrfiql/NrX12cFAbTWRKN1pDY3QQSyC0QQQET8PSJUVJQzMfEcAB+Q2tjg+sgb/ieGBmK4rrsL8DwvdyXU1TdQEglTX11MYUGQjBKUZ1AatMC72QRiBMdxAAgAKKWymoBlWaQzHj9SGdKORgQ8LbiewfGyZ0TYa6CUwuz4WRaWZfEr7WHEobw4RDBoEzCC5ABGjA/YNTBZhJUH2XY1qymHSubprbhPxP6dNTD/AJDXgmVZWQgQshXHi6ZobY3RFnqdM/irBdd1CdgBAL4tL+158d6WLzS2dFFW00Fz4hF1Jd3YQXs/IBwKcufKSbQWQqEQq8kkpQUOhclxSqti6M1nNJ26yED4JQHp2Qe4Nz091Z03ZZWecqdi0eXLDSfOQuYjsw+f0nX1FrL+mcnE3a9KlY35gP7+/sF87eHh4RvV4ZVLNQdKKK1IozeXQAx66z3NPYOoF7edWLkZ8QE7MTo6Wq2UWm071Ep06xPlDWcw6RnEbNN5rh3jrlBYvMjBY+cPf595cBOIB/IBjuOcrq2tJdbkUVXXQaR0DfHWwbKZe7IIGExmkeq2RrSjrr2KHz1i7UzgTsTj8Q89ZZOdsQtj2IFlxPuJP+e5n7eL2knOJ1gcjz/eBwB4O9S5JtpExAhiTF6KXzEGEZn7A0dmdT7nVaIZAAAAAElFTkSuQmCC');
insert into product (Product_ID, ProductDetail_ID, ProductCategory_ID, Brand_ID, ProductName, Price, Disccount, Image) values (5, 5, 5, 5, 'eros viverra eget', '$2692.59', '$144.10', 'data:image/png;base64,iVBORw0KGgoAAAANSUhEUgAAABAAAAAQCAYAAAAf8/9hAAAABGdBTUEAAK/INwWK6QAAABl0RVh0U29mdHdhcmUAQWRvYmUgSW1hZ2VSZWFkeXHJZTwAAAHxSURBVDjLpZPLa1NREIe/PKhSNK2g9UEIKqEFRSgooi4sCJqCuHEpduEDwZU7/wGhu27cdKWoG7WQrsSgKAV3SnFTAqZCW22xlAbTpL0xyb0z4+Ke5mHrqgMHfouZ3/lm5pyImbGTiLLDiG+KsTfLTRQ1wwARwMBUUQPRUIvCoxupSIcBwJF9XRiGKRhgaqiBtZmowtxKdSuBmGHmChTMDDNH44xUDVVD/G1aEAkRMUPVFW5q7TTxRbcamGiYaKCqmOIK1FEp6fIzDu36SSwYBO53biFQUDFE1NG0tIqSLE1yOr3KicwdMse+8HW0f7iDQANFXI8tklAnN3KcS03TM3AZ70eORG8KS61lcw+O320aBAGIaLP/dpM+8vSeuopU8+zen6QmSxweGuwOvNJ4y0AEkbiburvdwlWWgz780gLRWJFI1KMrUYRalY3leqyNwBBxxW76Cb/AmdgE3QcEDXyiugbRvZjf4NurQi1fqNxrIzA3g/D2ZH2K/uAdA5eGsMZ7IrLOzNsa5lUxhYW5ys2Rl/PZNgKlsFh1g4OLBz9x8kqGRnGceLyHmY8+r5euU9xzHgNePD+bDffvHsy/Z3Fy+HN9ZdS8wjWbfnxh/cmt9Mh2efH//bJf88UPlfLU0epv78/s7OrD20+/T2yX9xfxXpKxy4ipWwAAAABJRU5ErkJggg==');
insert into product (Product_ID, ProductDetail_ID, ProductCategory_ID, Brand_ID, ProductName, Price, Disccount, Image) values (6, 6, 6, 6, 'maecenas rhoncus aliquam lacus morbi quis tortor id nulla ultrices', '$4007.64', '$111.24', 'data:image/png;base64,iVBORw0KGgoAAAANSUhEUgAAABAAAAAQCAYAAAAf8/9hAAAABGdBTUEAAK/INwWK6QAAABl0RVh0U29mdHdhcmUAQWRvYmUgSW1hZ2VSZWFkeXHJZTwAAAIxSURBVDjLfZLPi1JRFMffPzGLNkW7Ni1aJUitI4IWLVpm0RTUohazqkVU0GhjGcGU1NA6dFQ0FX09QVHxVzr+eE9RRMw0NVslPcmn8517nulkOj44XO6953y+33Pf4SRJgiiKyOfzyOVyyGazyGQySKfTSKVSawC4VcEVCgWMx+OFaDabKiQej6+EcKRMBY1GQ1Wu1+szCJ0xF4hEIkdCOLJMyaRGB8lkMt3v96EoinpOwFgshmAwuBTCkeo0kRX/YZYbg8EAnb6CwLeJk1qthnA4jEAgsADhSHlqeTQagYp//B7j+d4+nn4BhMbkrlqtkgv4/f45CMd6lHu9npo0HA7RZsqGzD7eiMA7CdjaO4RUKhVyAY/HM4NwiUTiHOtR7na7alKhp6jKZgb4UALeF+ch5XKZXMDpdKoQlRKNRrWsR7nT6ahJxZ8K9OkxzNIhxJAB+K8TSKlUIhew2+1rs15CoZCW9Si32+0FyA4DPPpkx/23Otx6eRk6/QU8MW9gd3f3xNyLsv60giDIrVZrBnnGIA8cH/HYeh1ucRvZ7zxMn+/gquk0zt49Zlz4rzzPa30+n0yTSBCJQa4ZLsJZeAVn8TXNCozCOkzCbQIMlk6X1+vVut1umSaRIJcenoFX3MG/nyu/TYCjZ9zlcmnYS8s0YOfvncQWfwObvE4t3vTrVjuYhsPh0NhsNnnDtI4rxlN4wd9UlWml/dI3+D+sVqvGYrEcZ8l6Fr/I9t9VT/cHUXogzRNu46kAAAAASUVORK5CYII=');
insert into product (Product_ID, ProductDetail_ID, ProductCategory_ID, Brand_ID, ProductName, Price, Disccount, Image) values (7, 7, 7, 7, 'nullam sit amet turpis elementum ligula vehicula', '$1367.09', '$864.83', 'data:image/png;base64,iVBORw0KGgoAAAANSUhEUgAAABAAAAAQCAYAAAAf8/9hAAAABGdBTUEAAK/INwWK6QAAABl0RVh0U29mdHdhcmUAQWRvYmUgSW1hZ2VSZWFkeXHJZTwAAALZSURBVDjLpVM9TFNRFP7eT/9SUktLW6hQEqkUCMVABycUm+DmwGoEw+DQDSZWGdSQGJJqGBic2GXQgWjUmuBoTLSmKTWVHymlBQqlpfT3ec4lEJx9ybn3vZfznfud73xX0jQN//OovCwuLj45PT0NVqtVU71el8rlsq5UKul5bzQaksFgqNhstrczMzNTnD8+Ph6g7ffS0tKBtLCwcEVRlMPBwUEwGwKIiH17j4l711FJvsKLjz2wuHqxtpZ4mMvlXhLYQsHUbypdXV3R/v5+m8vlwtbWFtLpNPb29uD29CDyNYv48RBuBIYhSRJ2dnbGZFk2GI1GqKoq5fP5Wyqd6rVYLIhGo3A6nfD7/aBWQK3A4XAgFothdXUVdrsdwWAQu7u7ODw8FDnxeNyncmImk0FLSwuqZg+efyihWJPQIH4GSYfb7ddgOz4m+mtglgxMJBJoa2sTrcq8FItFdHR04M2PCsqaDKOOQi+jLuvw+Y9ZAPf39wW4UqmABL5gqXIBUltEoa4noAJVJoVIIomWiqYHTUgEgzmP33kXDLjKeVV+NK1xBqYiMoUiSzg5ORE5lxmcF7hgQIpCr5koQYKS+wm3vI2rLjt+pdLI6DRBd3NzEx6PB4FAQEyLscrAwMDjpqYmoWy7zYjk9y8Yaq1g4sF9uN1uOO1WVhsmkwmTk5OgsYvpMJtkMgmVTz86OhLjqVOip7kZw8EJzM7OCl+w2jxaZjA/P49UKgWr1YpQKHRWgE6eWl9ff0Z0DHq9Xh4dHRVa8PzZmdPT02imooVCAdlsFuFwGBsbGzxlmf431JWVlTB9cIDaCZHbntKrlbz/jmx7Z25uTmc2m0VRHjfZvtrd3f2JPu9Sbl66fBv7+vp6vV7v65GRkVbyRYPsauPW2ER0odDZ2Sk8UavVDqg9ORKJpP8p4PP5FOrZTycuk4AOAilMle7GI9q3ya3LtOtItzppkSVGY38B11WimHp9JJ8AAAAASUVORK5CYII=');
insert into product (Product_ID, ProductDetail_ID, ProductCategory_ID, Brand_ID, ProductName, Price, Disccount, Image) values (8, 8, 8, 8, 'felis', '$2166.71', '$78.91', 'data:image/png;base64,iVBORw0KGgoAAAANSUhEUgAAABAAAAAQCAYAAAAf8/9hAAAABGdBTUEAAK/INwWK6QAAABl0RVh0U29mdHdhcmUAQWRvYmUgSW1hZ2VSZWFkeXHJZTwAAAGkSURBVDjLxZPPi81RGMY/59zvN1chC0lSViZJzJQk/4BYTWNBkyhZsrDCgprl7JQFpSxsbEZdG5qFJjvKRLFTU4MsrGjouvf9ZXHOnTKyugtvnc6PzvnU8zzvSRHBOJUZs8YGNCxM/UODgziogDrIENTKmQHDgAE0AOyb3fDW/xzmYFbWYnWt8OJRBQCsfQF3wuoFVcIURAmVshchVEGFdud+6McIEBABR26Q2q3E23uEGfnwJdA+9uwq+eRtUttFl+aJT29ApAJUi7ZwaLcRL+dIx26RbIC/vgvm5KOXQX4iT67QOXQWXV1eB2RECsADcgNb9oIr8f0z+fh18tRF/MMiaccEzen7+MdX4EUigyDT/1X0uQOQDl4gVhZhuIY9niUI8oEZ5MEp/H2P5sRcMVOtAgZaaO7ggi/fIU1Mw4+vdGYekrrbsXcLtOd7dCbPoE9vVoCCQIr53cHkOYJvxXVVQorTIdX9UQqqYEaYsWnzHug9p6EfIEKyLmkUoVnJPqq52aFjkAIaL4nVSnFtVyCx3llYwHDDrJTu87+bNv333/gbANMZYUMccT8AAAAASUVORK5CYII=');
insert into product (Product_ID, ProductDetail_ID, ProductCategory_ID, Brand_ID, ProductName, Price, Disccount, Image) values (9, 9, 9, 9, 'turpis a pede posuere nonummy integer', '$1819.60', '$25.61', 'data:image/png;base64,iVBORw0KGgoAAAANSUhEUgAAABAAAAAQCAYAAAAf8/9hAAAABGdBTUEAAK/INwWK6QAAABl0RVh0U29mdHdhcmUAQWRvYmUgSW1hZ2VSZWFkeXHJZTwAAAHdSURBVDjLjZNLS+NgFIad+R0KwuzcSQddunTWXraKA4KCuFKcWYqgVbE4TKJWNyqC2oHKoDBeEBF04UpFUVQqUoemSVOTJr2lrb5+5xsTUy+jgYdc3yfnnOQrAVBCsK2U4WFUvUE546OTcwk82WxWz+fzt4VCAS/B7kMQhB9uiVtQReFkMolUKuWQSCSgaRpkWeYSSZIgiqIjscMfSEAPZDIZWJbF94RpmtB1HYqicEE6nQa9xO/3/5OQoM57/qm2a3PGtyzDtxzF/FYMe6c6F1DAMAzEYrFnLfGZ1A9devqC8o2wpmL8jwJhRcbw7ygGAxJYS7xvuxVVVXklkUjkUdAshgP+DRVfureXbPPcuoKe2b/QDKtIQpXQPOLx+KOgf0nGCCu9smHiu7u8IGuDBHRsS6gdmgmJHEHfLwn9wSgqagc6Xvt8RC6X48MlCeEI2ibDIS8TVDYGBHfAO3ONowvTOacqSEBQNY6gpvOkp3cxgq8/Q8ZxyISWsDAwfY32sSscnhk8SFAFBIWLBPQZq1sOvjX5LozOqTBaxSu0jF5iYVV+FnZTJLB/pN0DDTv7WlHvtuQpLwrYxbv/DfIJt47gQfKZDShFN94TZs+afPW6BGUkecdytqGlX3YPTr7momspN0YAAAAASUVORK5CYII=');
insert into product (Product_ID, ProductDetail_ID, ProductCategory_ID, Brand_ID, ProductName, Price, Disccount, Image) values (10, 10, 10, 10, 'amet cursus id turpis integer aliquet', '$3359.15', '$965.90', 'data:image/png;base64,iVBORw0KGgoAAAANSUhEUgAAABAAAAAQCAYAAAAf8/9hAAAABGdBTUEAAK/INwWK6QAAABl0RVh0U29mdHdhcmUAQWRvYmUgSW1hZ2VSZWFkeXHJZTwAAALsSURBVDjLjdBbTJJhGAdw6qKLuuiqi04XZoeLsnXQOecFfWGu8ECQJs08UCADLMQvUVI0UcksQj4NzM1DU6RUEFtj1eZMR02nkOWxNeUiFdfWTM1sKv2Lb+u0WvPivz173vf5bc/DAMD4X/LitgkGTXvmJs3bMVEfsFIn31UTG7prw4/3/w7L2TtYnoYA31TTVvyeu7LA8jUBNSlbqClbMKYfi/C5R4dpazimLDsxZAqcXRNgjNus8w48xtxzI1YG7mHhhRGTLx3oLDrsWRPAY59NG2nM/Dr/qhW+URsWh+zwPqOgST5m/SeQRuwR3BEcn6OSCBhTWSuShKB+Klu27LWSeNdeCO9DNZxV6Tgo2u8IyTqw6Q8gJXw3644gwleeSOD31OrlqLhbjBuVahTcykL7cCNKOjUIyt9Xf4jcu/EnoE844qyWnIbt2kWMNOXBTMaDSmKhShyBuoE8mNzZuO1SoNSViZaxGmTYLyFMEmL8CVQmBLa87bT8dTDLVQJ6dw5uuLJQ1JeB3D4pVL1SCIypmDDG/n2w930WPDXrcausFLW1tchXZ+PmUyVuPlei4Hou3SsuLYIgXwCPKeoXsP6oQUVlpy9XqJJhMBgwMzOD8fFxdHV1Qa3Ng1JLYmRsmO45nU76z+UUziN6eF34fSGPdC1U2p/hilIJ9+AgUiWXEB0dA5FIBIqioFKp6DoqKmqVz+c7/AhJkh8ZAeyq+Hj5o8WHoz7w1eUoLNbSwFn7FxyLOImOjg643W50d3fDarWCyWQucDicjX5Ao9EsMV4XB6/2t1aAbPOCXfAAaekZNHBGXAiCdQKRkZHgcrl0/DVBEMs8Hu+JHxCLxbMMj4E53VqiwLn8HpxvGMfpZAnK9JUwt9hhs9lgMpmgUCiQk5ND1/5ec3PzB51ONxsTEzPKeNMgDnNoeFdD4xvtwfJeEJkOnOIm4oJIAqnsMqTS9K+kMKmtOpevlclk89+zJBQKP7HZbM/3dQ59A+o8mPeL9bcZAAAAAElFTkSuQmCC');

/*Población de datos de tabla de categoría de producto*/

insert into productcategory (ProductCategory_ID, CategoryType, Description, Image) values (1, 'ligula nec sem duis aliquam convallis nunc proin at turpis', 'congue vivamus metus arcu adipiscing molestie hendrerit at vulputate vitae nisl aenean lectus pellentesque eget nunc donec', 'data:image/png;base64,iVBORw0KGgoAAAANSUhEUgAAABAAAAAQCAYAAAAf8/9hAAAABGdBTUEAAK/INwWK6QAAABl0RVh0U29mdHdhcmUAQWRvYmUgSW1hZ2VSZWFkeXHJZTwAAAJMSURBVDjL3ZJfaJJRGMaFYBdF910XSSukaRdFF7Mxkpozc0UI1UXksNQ7V0O0QocshElqTYL4ilhjzE0oahT4ZToHFWUb5Za5zyWNsk3dYNvxX/R0zgJZsHXTXQdezuE9z/N73/dwRABE/xKi/wjQ2Ni4xWAwXHI6nQWO42Cz2TImk2k/jW30LLAcu2Mapv0DIJPJ6lpbW10ejwfZbBaCICASicBut6etVms0mUyWWC4Wi4FpmJZ5agCpVHrMbDYvJhKJglarHVEqlT/a29vh9XphsVjg7jqP8APtzws6bWhgYCDDtMyztgOXw+Eo+nw+vVqt3iyXy5d4nkc8HsdoNITEUz3yqQAmH53yMA3TMk8NIJFILur1+oXe3t6Otra2Z01NTRWFQgGNRoNbXScwP9WH6vI0JgKa6jBn8zAt89QA9XSpVKqpnp6ehcHBwXwwGITf74fDZsJ44CRK849R+upGQXiC8N0zleNq1UfmqQHEYvEm2nZDS0vLjE6nWzYajUWTyVgO31GP5ZJDKH1xIHp9Hyr5IcS5ZvTbD5mZ56//4H3/0SMzvBXlufsg0+cQ7ZaimOnEYnoEr28enHzlObB1Q8D4vcN177jmNwv04YqfO7DySfs7UmfpKDeQiXgx5pJd3RDw9rbcmIm6Uc76V6uvpE7TEWSrO0kbQL49RLRL8j1i37N7XQBtb5bkBJQLPEpz9A3mAmtiGNWlD5h92YfnVnFgXQBtLxfrbiCjzr2EViK0EnlxrZ6Er+wi1ER4y07Cd+4gocvbR38Bt2OvTVFKHBsAAAAASUVORK5CYII=');
insert into productcategory (ProductCategory_ID, CategoryType, Description, Image) values (2, 'porttitor pede justo eu massa donec dapibus duis at velit eu est congue elementum in hac habitasse platea', 'sit amet nulla quisque arcu libero rutrum ac lobortis vel dapibus', 'data:image/png;base64,iVBORw0KGgoAAAANSUhEUgAAABAAAAAQCAYAAAAf8/9hAAAABGdBTUEAAK/INwWK6QAAABl0RVh0U29mdHdhcmUAQWRvYmUgSW1hZ2VSZWFkeXHJZTwAAAIhSURBVDjLlZPrThNRFIWJicmJz6BWiYbIkYDEG0JbBiitDQgm0PuFXqSAtKXtpE2hNuoPTXwSnwtExd6w0pl2OtPlrphKLSXhx07OZM769qy19wwAGLhM1ddC184+d18QMzoq3lfsD3LZ7Y3XbE5DL6Atzuyilc5Ciyd7IHVfgNcDYTQ2tvDr5crn6uLSvX+Av2Lk36FFpSVENDe3OxDZu8apO5rROJDLo30+Nlvj5RnTlVNAKs1aCVFr7b4BPn6Cls21AWgEQlz2+Dl1h7IdA+i97A/geP65WhbmrnZZ0GIJpr6OqZqYAd5/gJpKox4Mg7pD2YoC2b0/54rJQuJZdm6Izcgma4TW1WZ0h+y8BfbyJMwBmSxkjw+VObNanp5h/adwGhaTXF4NWbLj9gEONyCmUZmd10pGgf1/vwcgOT3tUQE0DdicwIod2EmSbwsKE1P8QoDkcHPJ5YESjgBJkYQpIEZ2KEB51Y6y3ojvY+P8XEDN7uKS0w0ltA7QGCWHCxSWWpwyaCeLy0BkA7UXyyg8fIzDoWHeBaDN4tQdSvAVdU1Aok+nsNTipIEVnkywo/FHatVkBoIhnFisOBoZxcGtQd4B0GYJNZsDSiAEadUBCkstPtN3Avs2Msa+Dt9XfxoFSNYF/Bh9gP0bOqHLAm2WUF1YQskwrVFYPWkf3h1iXwbvqGfFPSGW9Eah8HSS9fuZDnS32f71m8KFY7xs/QZyu6TH2+2+FAAAAABJRU5ErkJggg==');
insert into productcategory (ProductCategory_ID, CategoryType, Description, Image) values (3, 'eu interdum eu tincidunt in leo maecenas pulvinar lobortis est phasellus sit amet erat nulla tempus vivamus in', 'porttitor id consequat in consequat ut nulla sed accumsan felis ut at dolor', 'data:image/png;base64,iVBORw0KGgoAAAANSUhEUgAAABAAAAAQCAYAAAAf8/9hAAAABGdBTUEAAK/INwWK6QAAABl0RVh0U29mdHdhcmUAQWRvYmUgSW1hZ2VSZWFkeXHJZTwAAAJ1SURBVDjLpZPvSxNhAMf9M+pF4AuV1DU3cBvoLLexzbWJbdEGuWRnm256m9MCxQwdBFppi2QQVBLWu8owYuipCPmjYIqnnVMWsjWpF1mvoksH7ttzvrD09FUHD8/d8Xw+99z3e5cDIOd/xv5Ja2sr19LS8tPv928ct9hms8Wrq6t3TCbTmkhA4G2aph/5fD44HI4jB4FRVVU1oNPpVkUCAoPAPzweT4ZmvvDXJ7/zgbEt3hvd4hdjPfy3tR7eaDRmtFrtQkVFBUQCr9e7TOBbFEVxyulu+OY2EHwHNE4DL2Mj2El5odFo4mq1mlapVKxI4Ha7ky6Xa8bpdLL62RpIGDNcU+uoZwDPOHBz4hPKy8tXlErljFwuT4oEBE4QeJi865IzVoPONQealrWoex/EhbEozo3EQGCWwMMSiSQhEtTW1nIEDpGkF4fSbXi+2YWnmx2IpK4i8vkyBtOXIJPJ2OLi4lBBQQEnEtjt9rTVamVJFse2UFRUxOfn57O5ublpkYDAnMViCZGkFwLz22j/ALTNAfQssLT+EK+nOtEctu823KuBvfvsrqlD2nVAYDabEwaDYZgkvXS4hTuvuhF6QeEtFwH7lUF4ogmO8Bmomk/27wv0en2ysrJyhiQtauHK7fMY/Xgfo/EHQv/on/QgPNkoCH7vCwjMEpgmSa8ebsFyQ44o9xj/Hm9WIoLg73deVlYGhUIxT5L+9SQZyD5LtWeHUteygxt1WXXwFO4y9ehlXHtw77hLvIPS0tJMSUkJRSSi9A2UChf7T2OAce89WZiF6wMZSKXS9cLCwkxeXt7CUX8iWdynaDyxK2xb0bA39wn3/wBLOHSjT9MDogAAAABJRU5ErkJggg==');
insert into productcategory (ProductCategory_ID, CategoryType, Description, Image) values (4, 'ridiculus mus vivamus vestibulum sagittis sapien cum sociis natoque penatibus et magnis dis parturient montes nascetur ridiculus', 'arcu sed augue aliquam erat volutpat in congue etiam justo etiam pretium iaculis justo in hac habitasse platea dictumst', 'data:image/png;base64,iVBORw0KGgoAAAANSUhEUgAAABAAAAAQCAYAAAAf8/9hAAAABGdBTUEAAK/INwWK6QAAABl0RVh0U29mdHdhcmUAQWRvYmUgSW1hZ2VSZWFkeXHJZTwAAALjSURBVDjLfZNfSN11FMA/3/v7ea/36prXWWirTZdlKtiC6CGi4BLVCqJB2/BFNmKMfInVQw8RK4lVD/VoEL2UWL0Za8HQJHNL5ya17lZz4aItXb957/V6r9v13t/3z+nBNBm0A4dzXs7n/FciAsCz747LgRdambyyiDOCtQ5rHc46jHE8ft8W+gd/Yrr/JcUG8dccZy3OCUb/G2hWrTWraoxgjeVWiaw569m0xYSW9qrT9NxxFB1atLarwNsBnLHcLGnu3hRDh5ZU4mseqb9Mo8xw7+Y4N0oVrL1tBbbv7PnrNMR8OpNFdkTTROpTPFU7yl01UaZ+nsMZ2/e/gPEPdh258Humbyod8Gjie/ymPUTqHqMzMsKZc1c4fynouzi4/8itABWe2hYX8drEiecE3vqx59ChrhMHt3UdhEiU8OpXDJz0vtnXkX5HJIJzgtWlTNOehasAqjLWOCeJ9q0iICKIEyLJJyCxHdF5RBfQuTS2tICgcFoTLv9JuJjtaXlFBnyTC3pdEAx6Hb21/tZuJAxwYR6ns2BLoBxVd+4k6m/CGU1h+gvy09ljxBgCUCJCYUC1Osvx6IO727x7XkTC64i5ibgSYldAeQTfTRP88AuVpbJYT+aA/qeHzftq7RLzX6paB5/HH3pjt4rV40wesSVwZTKT8yxfyvJAai+xlk5W0sP8dnLE5mcuHl7fQrJbbqh4zYguzCIKEIdCgVj+Gp3k/tReqi+PoT7rJvHHEM3bt3ii5LC/cSVC9fNVyZ0o5eOMQS9dI9rQjM4WqW5sgede++8H3m7Cc6p5HZAbaog7IeXVdVA48yG5iYlZFKdq2lr3e3UJSue+peZYL5WVgBKwXPSwHtc2XKJ5UtXuiGeOv05mbOITo3m4/T05sDQzu6u6nuVfT4/zdzlO0asiv6iYnVdWoH99iPOfqpfLC7xZztLb+ZGc2Nja1KtqcyWTHC3nil2eUb71ZF7g42eGzdF/AONCmjwFNk4lAAAAAElFTkSuQmCC');
insert into productcategory (ProductCategory_ID, CategoryType, Description, Image) values (5, 'nibh fusce lacus purus aliquet at feugiat non pretium quis lectus suspendisse potenti in eleifend quam a odio', 'nisi at nibh in hac habitasse platea dictumst aliquam augue quam sollicitudin vitae consectetuer eget rutrum at lorem integer', 'data:image/png;base64,iVBORw0KGgoAAAANSUhEUgAAABAAAAAQCAYAAAAf8/9hAAAABGdBTUEAAK/INwWK6QAAABl0RVh0U29mdHdhcmUAQWRvYmUgSW1hZ2VSZWFkeXHJZTwAAAJISURBVDjLpZPfa1JhGMftuqvC41l1Hf0JrTtvuyropp8QOdCFWYJgoNC0yOwiiTFtYGCIhBXTs61yc7ZdzAhHiLpTFi21+fP4Y66ZLld9e1/rCIdVBLt4eJ/n8H6+3+9zDkcGQLaTkgzt+YEDYt+KsI/Efj3M7v4vgdaLgeMEbG/Msfs+h1nQZ83ZX+c/BQh0aCPCCrSn4Pos++NL8gzWZtj3jZCiJ1B7pghXnyp2/TUBiVmjbhTcKo+ju3ob3cJdEEgQphWoTCkm/5iAgCoKErexzoer+Jq7ic7bi+jwF7D5Tofup1toLp1AiWNUxSBzuBBg9mxLQGKyjchB4jhK4GF0ls+jkzqHdvIUmYfQyV5HPsB8W52Qn96WgOx2jMRstJaHifuN3/BZAp9E5fUV8C/HsBDh8Jx7sDX15F7Q5/MpJQJkv71kP2V5klnr5u9g880Q2gkKX8arhYfIZDKo1WqoVqtIp9Pw3HfxLpdLKVmhyDHXCkEGwpIKmZQPsUUO85Fp5HI5NBoNCIKASqWCer2OZDIJh8MxLhHITzCj9EzNXMLKykrPkV6mZ7lcRqlU6hXtqaDNZvtusVg8JpNpsL9L9rH86OKctx+XOoogrWKx2CtRJBaLwWAwePoCH/3yI6FQiKewKECj06KQWGISaqTT6ZqST8Jx3AjdkV6gbqlUColEou8ej8d7MzWIRqPQaDQeiYDf79/v9XpH3G4373Q6efKyPHa73Wu1WrNmszlrNBoDer0+pNVqm2q12qNSqQZlO/2dfwL4RvrQAqV2MgAAAABJRU5ErkJggg==');
insert into productcategory (ProductCategory_ID, CategoryType, Description, Image) values (6, 'eget vulputate ut ultrices vel augue vestibulum ante ipsum primis in faucibus orci luctus et ultrices posuere cubilia curae', 'tempus semper est quam pharetra magna ac consequat metus sapien ut nunc', 'data:image/png;base64,iVBORw0KGgoAAAANSUhEUgAAABAAAAAQCAYAAAAf8/9hAAAABGdBTUEAAK/INwWK6QAAABl0RVh0U29mdHdhcmUAQWRvYmUgSW1hZ2VSZWFkeXHJZTwAAAIWSURBVDjLjZNPSBRRHMf32rVTdFOsDkJEhODNLGqXukgJpmiEURBGdEnbskNktrhCRQuaLEEikUhlbK5EiZmxjbWwfxvL0dHdtdlCx3VtZxyaed/eG5qwZct98DnM4/f9vN/M+40NgK1Y5p7tPTY9UIeZ4Q6EvIcQ9pQ3FR1O+kvqpbFWZCI+YG0RK5EhBNz2dFHhxIvSWjl+TdOSzyGNd0GJPoE+P4nogzPqpuGUv8wux64ahjIJZbYFy1Pnwfc3I9LXuDR1t2bnf8PC0xKHHL0MQw0gJ5yEmmhA9pMTYm9VOth9cA+rsdV1jm6lDFA0Cizabl6H9KH1d7gJ6kI9VmNXIHiqs5/dFfusQ5hg+PGbL/ipG7CWxPvAv7wEQ5mAKjZjPdGIDO2E9xwmgS7Hjo1dMoFuEIKMQvAtS8C9eoT4iBNh/22kuFrkxAYsh9ow661Bp9fHuqv4S9DiGTdPTa8SfM0QDLoOANl5TN8/jjHndrzrceCt2w71uwDXYJAJjhQULNJwQia4cXY3tMA9aNwdcB37MXRuF4Ih3qwpKLBegbUvLhGcqN6GW6fK8dp1FBP9F/AxvoBwSjcF7Q/fM0FlvsD8iEyycbFuQknDFLPl40QWnqFsyRdY16hbV+gdjf8Rraytm890P0opy5+VggNECwVJzllBldL+r2ErFO7uHYmx4A/Kxc1GPT9cSpmjnC72L/0FRS76cD+dhSEAAAAASUVORK5CYII=');
insert into productcategory (ProductCategory_ID, CategoryType, Description, Image) values (7, 'hac habitasse platea dictumst aliquam augue quam sollicitudin vitae consectetuer', 'aliquam sit amet diam in magna bibendum imperdiet nullam orci pede venenatis', 'data:image/png;base64,iVBORw0KGgoAAAANSUhEUgAAABAAAAAQCAYAAAAf8/9hAAAABGdBTUEAAK/INwWK6QAAABl0RVh0U29mdHdhcmUAQWRvYmUgSW1hZ2VSZWFkeXHJZTwAAAI5SURBVDjLpVM7i1pREJ7rYxXFiKjxVYhIMBhMbWGbIk0wasCsCCkD1vkR5gcEmxSpsrLIxVaQCKYQRAW1kgTxrVEUn7i+bmYO3MUlkRQ5MJwzc2e++Wb4LicIAvzPkZ072WxWgYCv0N6eTqeneD9Bw+epjvcPvD+jZf1+/1Gs4UQGWOzG91ej0fjcbDaDWq0GlUoF9H0+n8NyuYR2uw3j8fg7xsLBYLDHCimBLJPJfGu1WtROuHT2+71QqVSEZDL5RayTiFTQeWYymf45s81mA2zy8o8dYJAhjkYjUCqVoFAoQC6Xs9hms4HpdAq9Xg+cTifLvQggk8lgNpvBdrtl/uFwgMViAXd3d+wbxf4KIM4klUoZA0omw7kZiLhsKj4ej5cZULJYxHEcSxZjEonkMgMRgOYtFArQ6XRAr9eznbjdbpZTq9Wg2WzCcDg0xGKxD/V6/dMDgN1uB+l0mvnRaBTW6zV0u10GSOChUIgtdjAYcKVS6SPqwngvpFQq9QuFY8zn8/Dm+hpSNzdQrVaBROXxeKgIJpMJdQer1brDBlc8z8/vGdCsxWIRNBoN8wOBAPPD4TDodDpYrVakQkgkEuBwOBaYYtBqtYrzEd6hZHlc1hX5NAqxi8fjTNZ0aCRqVC6Xf/p8PgPqYsud/42RSOQFbvzW6/U+QsVxNC8tsdFoMGHZ7XYgtWLOFJcsyeVywwcALpdLarFYPNiRxzkfYxEx5FCF75Fhy2Aw8OjLUVTHfr8/RkavfwO7WaXhrjM2EgAAAABJRU5ErkJggg==');
insert into productcategory (ProductCategory_ID, CategoryType, Description, Image) values (8, 'quam sapien varius ut blandit non interdum in ante vestibulum ante ipsum primis in faucibus orci luctus et ultrices', 'eu orci mauris lacinia sapien quis libero nullam sit amet turpis elementum', 'data:image/png;base64,iVBORw0KGgoAAAANSUhEUgAAABAAAAAQCAYAAAAf8/9hAAAABGdBTUEAAK/INwWK6QAAABl0RVh0U29mdHdhcmUAQWRvYmUgSW1hZ2VSZWFkeXHJZTwAAAInSURBVDjLpVPLahNRGP5mcrWZhGgaLEwtJFJJqQEXgoKIkKBkKfoAeYKA4M7S4kLyDF34AF4eIIOQMC7sooqbECExImnSGgwqTTtmcubm+Y9MSAWh0AM//7l9l/9cJM/zcJYm44wt6Hfa7XbdcZwCD9i2DcuyZsEYm8V0OqXcKJfLRcJJVAIH3wmHw3o6nRab/m3zZYZCIei6jl6vV6xUKg3hgCtuJZNJDIdDRCKRGWgeSP3BYIBEIoFMJkOiG3y6ITWbTaGeSqUwHo9P2KVSCChJEgKBgFCPx+OIxWLQNA3dbrcYJHWyTrXSpmg0KsJXn3dC2XVdmKaJfD6PVqu1ESQlwzAwGo3EAfmb6DAp+2PtZxUTy0Ap+QSR0DkoiiJcEkGB2GlAIF6SsCzL8gkHE2WK5fQaXu1v4uHiU6iqSphCkFSpVgoioCCCL6nXXJlfoWuD8TX1/CrWlm7gyDTwvP8Im+pLUbYg8IFkNZfLidz9xXB3vQzH4+W4fA0eDg77yC/fwjGb4PHbEq449/8S0A0QgW+XwhwxAe79+AyLu7C5G8uxMJ4e4dql2zi2fmN38gJBfqJarVYrzb0ykc20CduxcTGxwsGOIPt2uIcLyhI+9t9ht/Meq8PijvS/z/RgO+ua9B5cBtNmuLy4Lt3M3sOHvR3UO2+GzEbxoOp9kk77G68+k43rK4UFvVPfZ64At2d/4TQtuyUZjhtYmLhO9nvV++rP/wHfnZcUJl+kcgAAAABJRU5ErkJggg==');
insert into productcategory (ProductCategory_ID, CategoryType, Description, Image) values (9, 'sed ante vivamus tortor duis mattis egestas metus aenean fermentum donec ut mauris eget massa tempor', 'pretium iaculis diam erat fermentum justo nec condimentum neque sapien placerat ante nulla justo aliquam', 'data:image/png;base64,iVBORw0KGgoAAAANSUhEUgAAABAAAAAQCAYAAAAf8/9hAAAABGdBTUEAAK/INwWK6QAAABl0RVh0U29mdHdhcmUAQWRvYmUgSW1hZ2VSZWFkeXHJZTwAAAJ/SURBVDjLpZNfSFNRHMe/293umptu01GJMF1WQ5dRQgVl0UthYNHDiAQhChF6bdBLrz1Erz3Ug7CewqeoF0XzZVialnaXSHOYM2Ko6Szn3P2ze+/pnDMdodZLFw7n3nPP9/P7/n6/cyyEEPzPY9u5MDU1FdN1vatYLNroDDrzoWkam/sikUjnnoBEIuGhgl6v1xtxOCqgUhFME9wfdenzeTE4OHCTfu0GSJLUzsR+v7/O5XIhvZABi26aBCYxKYjAoDBVVfdOgW4eCAQCfEGWFRSpeDoxSQFmeVy6fIWnsSeA5SiKInK5XCmyYaA5fIJHJ1vRWbGrhRRmX3QSwd2CzdU4LErmFgcwskFFbBNrCrOekD7Q2eDR2b/AxSqcb7TD6e+CJ3gSv9IhJId6H5cdlGpF+GYGCLe08ujMRaUxAb9rCe7ac1j7+gWiRUNl1UG4awKesoNtAIfQyEzM353DCPkIvMF2qIt9ECss+CYlUVS0rCLnz5YBZbFRKhoDOPUEWmp1eBqvQck8g1XUYXfXY19hermQt7WfuvcmxQGsPdsnkllmKZDsKI4eWYfn8HUqfgqrXYeWC2IlPrZhyIWO1ui4VO4Cc8C6IAhCKe/V92io+Yn94avQlnohiATKej0W4+O08oXjoej4wnYbrVsOJkZGRpDP57GRjqPBR9tJ6rA4/QQmFGyu1WF5dAbPZwMIRccW/jwHHNDd3X1mbm6uo7+/fzKTfInmth44vr9F6vU7SINrmBn6CGfbA2Rl666DZNl5Gx/2HNPv37krwGpAGn6F+XQan8Q2ZFUHa3EyFos1/RNw40K13HrogO10UxDEro7KP1Zudzz6PP+36/wbU7aHpoSFkuUAAAAASUVORK5CYII=');
insert into productcategory (ProductCategory_ID, CategoryType, Description, Image) values (10, 'id lobortis convallis tortor risus dapibus augue vel accumsan tellus nisi eu', 'eu tincidunt in leo maecenas pulvinar lobortis est phasellus sit amet erat nulla tempus vivamus in felis', 'data:image/png;base64,iVBORw0KGgoAAAANSUhEUgAAABAAAAAQCAYAAAAf8/9hAAAABGdBTUEAAK/INwWK6QAAABl0RVh0U29mdHdhcmUAQWRvYmUgSW1hZ2VSZWFkeXHJZTwAAAJRSURBVBgZBcExiJZlHADw3/O+732enKYdQVeklWBeoSBFtmgNNrRcQ9DSFBQZDU4OEYSNbQUtCg5FEAUpDdXSUliBQRBEBBXeVuFZnvKd1/e9z/P/9/uVzATnX37wEfwCAICbpy6s7wUAACjnXnrgUbyFtV3Ld3vhjbO2rv8Alu465sOzr9veugUf4dKpC+sXAWDApWdeObNv+Z57/fPV+zJTm22BzHTiyD5LR0/KzLXPzr/3LC4CwID7l1fus/n7FTHetv7JO2QiXc8fpbTx83eWV4/tBgCAAbLORR11+w+LVmWmj9tpLUMEcPO3LeX401599/O8MVv59c/1vx67fG5te4Boo6ijGGfa7D+kNoQ3n1u1MQ0FkWlsYeiP+ODK5sN96a8++doXBweIOhOtkqEUMum7zo3b6Y+N1HVprOHWdvXUQzsdP7TX0qRb+TbbTx1EnYs618a5qE3UBvrC4sCkLyZ9sTjpXNvcduhOXnxijzrmgQFinMlxLmuIsZGpLaZSWOjJJPticehc/TdN/555fP8OC0NngKhzUZsYm6hBpMhUFH3XASVFJDt6pSv6vpcYIMcm503UJmojgABFEfrCZOiUTBFFKUUmA9SxamMTrYmxkURLBUNHVzqR9IUuMGHnQGYaIOdVjE22JmvISNCiYgAAAJGVKAZc3p5OT+zatyprE7WRicGsTrEXAADM6lSJrgx4++svP92NowBw7fDzFroD9iyOMulKUQpQ0Hd3iKzzkpkAAODkme+/6btykG6F3KIgQVFKZJvuWVrY+T+vNUkTODP9hQAAAABJRU5ErkJggg==');

/*Población de datos de tabla de marcas*/

insert into brand (Brand_ID, CompanyName, CompanyContact, ContactAddress, ContactPhone, Email, HomePage) values (1, 'Sawayn, Botsford and Greenholt', 'Isobel Rosina', '993 School Way', '498-815-9183', 'irosina0@omniture.com', 'utexas.edu');
insert into brand (Brand_ID, CompanyName, CompanyContact, ContactAddress, ContactPhone, Email, HomePage) values (2, 'Boyle LLC', 'Tildi Sushams', '0 Glacier Hill Alley', '415-423-9931', 'tsushams1@redcross.org', 'comsenz.com');
insert into brand (Brand_ID, CompanyName, CompanyContact, ContactAddress, ContactPhone, Email, HomePage) values (3, 'Padberg-Keeling', 'Boot Johncey', '9751 Golf Course Hill', '351-588-2677', 'bjohncey2@jugem.jp', 'soup.io');
insert into brand (Brand_ID, CompanyName, CompanyContact, ContactAddress, ContactPhone, Email, HomePage) values (4, 'Skiles and Sons', 'Clarabelle Samsworth', '976 Tomscot Terrace', '452-974-0820', 'csamsworth3@nymag.com', 'opera.com');
insert into brand (Brand_ID, CompanyName, CompanyContact, ContactAddress, ContactPhone, Email, HomePage) values (5, 'Marvin-Sauer', 'Dolf Cullin', '7 Ruskin Drive', '508-247-0320', 'dcullin4@ucoz.ru', 'comcast.net');
insert into brand (Brand_ID, CompanyName, CompanyContact, ContactAddress, ContactPhone, Email, HomePage) values (6, 'Hane Group', 'Ken Fawloe', '712 Clarendon Plaza', '746-722-2270', 'kfawloe5@t.co', 'linkedin.com');
insert into brand (Brand_ID, CompanyName, CompanyContact, ContactAddress, ContactPhone, Email, HomePage) values (7, 'McLaughlin, Williamson and Deckow', 'Jeanna Leddie', '3489 Cherokee Avenue', '701-349-1234', 'jleddie6@over-blog.com', 'craigslist.org');
insert into brand (Brand_ID, CompanyName, CompanyContact, ContactAddress, ContactPhone, Email, HomePage) values (8, 'White, Von and Greenholt', 'Tate Dullaghan', '12836 Emmet Lane', '755-928-3938', 'tdullaghan7@over-blog.com', 'smh.com.au');
insert into brand (Brand_ID, CompanyName, CompanyContact, ContactAddress, ContactPhone, Email, HomePage) values (9, 'Altenwerth, Thompson and Ernser', 'Wenona Jordon', '66555 New Castle Street', '627-880-9776', 'wjordon8@globo.com', 'state.gov');
insert into brand (Brand_ID, CompanyName, CompanyContact, ContactAddress, ContactPhone, Email, HomePage) values (10, 'Schaden and Sons', 'Conrade Carneck', '1226 Northfield Place', '439-892-4783', 'ccarneck9@plala.or.jp', 'jalbum.net');

/*Población de datos de tabla de servicio de entrega*/

insert into DeliveryService (DeliveryService_ID, DeliveryType_ID, DeliveryCompany, Telephone, Email, HomePage) values (1, 1, 'Leexo', '344-991-8569', 'rpaxforde0@slideshare.net', 'https://linkedin.com/sagittis/sapien.xml?non=nascetur&ligula=ridiculus&pellentesque=mus&ultrices=etiam&phasellus=vel&id=augue&sapien=vestibulum&in=rutrum&sapien=rutrum&iaculis=neque&congue=aenean&vivamus=auctor&metus=gravida&arcu=sem&adipiscing=praesent&molestie=id&hendrerit=massa&at=id&vulputate=nisl&vitae=venenatis&nisl=lacinia&aenean=aenean&lectus=sit&pellentesque=amet&eget=justo');
insert into DeliveryService (DeliveryService_ID, DeliveryType_ID, DeliveryCompany, Telephone, Email, HomePage) values (2, 2, 'Tanoodle', '210-998-9545', 'jyurchenko1@msn.com', 'https://delicious.com/lorem/ipsum/dolor/sit.json?at=ac&feugiat=est&non=lacinia&pretium=nisi&quis=venenatis&lectus=tristique&suspendisse=fusce&potenti=congue&in=diam&eleifend=id&quam=ornare&a=imperdiet&odio=sapien&in=urna&hac=pretium&habitasse=nisl&platea=ut&dictumst=volutpat&maecenas=sapien&ut=arcu&massa=sed&quis=augue&augue=aliquam&luctus=erat&tincidunt=volutpat&nulla=in&mollis=congue&molestie=etiam&lorem=justo&quisque=etiam&ut=pretium&erat=iaculis&curabitur=justo&gravida=in&nisi=hac&at=habitasse&nibh=platea&in=dictumst&hac=etiam&habitasse=faucibus&platea=cursus&dictumst=urna&aliquam=ut&augue=tellus&quam=nulla&sollicitudin=ut&vitae=erat&consectetuer=id&eget=mauris&rutrum=vulputate&at=elementum&lorem=nullam&integer=varius&tincidunt=nulla&ante=facilisi&vel=cras&ipsum=non&praesent=velit&blandit=nec&lacinia=nisi&erat=vulputate&vestibulum=nonummy&sed=maecenas&magna=tincidunt&at=lacus&nunc=at&commodo=velit&placerat=vivamus&praesent=vel&blandit=nulla&nam=eget&nulla=eros&integer=elementum&pede=pellentesque&justo=quisque&lacinia=porta&eget=volutpat&tincidunt=erat&eget=quisque&tempus=erat&vel=eros&pede=viverra&morbi=eget&porttitor=congue&lorem=eget&id=semper&ligula=rutrum&suspendisse=nulla&ornare=nunc&consequat=purus&lectus=phasellus&in=in&est=felis&risus=donec&auctor=semper&sed=sapien');
insert into DeliveryService (DeliveryService_ID, DeliveryType_ID, DeliveryCompany, Telephone, Email, HomePage) values (3, 3, 'Dabtype', '356-448-2432', 'iclawson2@auda.org.au', 'https://usgs.gov/non/lectus.jpg?vulputate=duis&ut=aliquam&ultrices=convallis&vel=nunc&augue=proin');
insert into DeliveryService (DeliveryService_ID, DeliveryType_ID, DeliveryCompany, Telephone, Email, HomePage) values (4, 4, 'Centidel', '279-717-6760', 'amainson3@webeden.co.uk', 'https://wsj.com/nisl/nunc/rhoncus/dui/vel/sem/sed.jpg?id=pellentesque&nulla=at&ultrices=nulla&aliquet=suspendisse&maecenas=potenti&leo=cras&odio=in&condimentum=purus&id=eu&luctus=magna&nec=vulputate&molestie=luctus&sed=cum&justo=sociis&pellentesque=natoque&viverra=penatibus&pede=et&ac=magnis&diam=dis&cras=parturient&pellentesque=montes&volutpat=nascetur&dui=ridiculus&maecenas=mus&tristique=vivamus&est=vestibulum&et=sagittis&tempus=sapien&semper=cum&est=sociis&quam=natoque&pharetra=penatibus&magna=et&ac=magnis&consequat=dis&metus=parturient&sapien=montes&ut=nascetur&nunc=ridiculus&vestibulum=mus&ante=etiam&ipsum=vel&primis=augue&in=vestibulum&faucibus=rutrum&orci=rutrum&luctus=neque&et=aenean&ultrices=auctor&posuere=gravida&cubilia=sem&curae=praesent&mauris=id&viverra=massa&diam=id&vitae=nisl&quam=venenatis&suspendisse=lacinia&potenti=aenean&nullam=sit&porttitor=amet&lacus=justo&at=morbi&turpis=ut&donec=odio&posuere=cras&metus=mi&vitae=pede&ipsum=malesuada&aliquam=in&non=imperdiet&mauris=et&morbi=commodo&non=vulputate&lectus=justo&aliquam=in&sit=blandit&amet=ultrices&diam=enim');
insert into DeliveryService (DeliveryService_ID, DeliveryType_ID, DeliveryCompany, Telephone, Email, HomePage) values (5, 5, 'Twinte', '506-552-6011', 'aeades4@rakuten.co.jp', 'http://psu.edu/nibh/fusce/lacus/purus.json?purus=in&aliquet=purus&at=eu&feugiat=magna&non=vulputate&pretium=luctus&quis=cum&lectus=sociis&suspendisse=natoque&potenti=penatibus&in=et&eleifend=magnis&quam=dis&a=parturient&odio=montes&in=nascetur&hac=ridiculus&habitasse=mus&platea=vivamus');
insert into DeliveryService (DeliveryService_ID, DeliveryType_ID, DeliveryCompany, Telephone, Email, HomePage) values (6, 6, 'Bubblemix', '481-741-5268', 'tdot5@live.com', 'http://webs.com/mauris/laoreet/ut/rhoncus/aliquet/pulvinar/sed.aspx?mauris=vivamus&morbi=metus&non=arcu&lectus=adipiscing&aliquam=molestie&sit=hendrerit&amet=at&diam=vulputate&in=vitae&magna=nisl&bibendum=aenean&imperdiet=lectus&nullam=pellentesque&orci=eget&pede=nunc&venenatis=donec&non=quis&sodales=orci&sed=eget&tincidunt=orci&eu=vehicula&felis=condimentum&fusce=curabitur&posuere=in&felis=libero&sed=ut&lacus=massa&morbi=volutpat&sem=convallis&mauris=morbi&laoreet=odio&ut=odio&rhoncus=elementum&aliquet=eu&pulvinar=interdum&sed=eu&nisl=tincidunt&nunc=in&rhoncus=leo&dui=maecenas&vel=pulvinar&sem=lobortis&sed=est&sagittis=phasellus&nam=sit&congue=amet&risus=erat&semper=nulla&porta=tempus&volutpat=vivamus&quam=in&pede=felis&lobortis=eu&ligula=sapien&sit=cursus&amet=vestibulum&eleifend=proin&pede=eu&libero=mi&quis=nulla&orci=ac&nullam=enim&molestie=in&nibh=tempor&in=turpis&lectus=nec&pellentesque=euismod&at=scelerisque&nulla=quam&suspendisse=turpis&potenti=adipiscing&cras=lorem&in=vitae&purus=mattis&eu=nibh&magna=ligula&vulputate=nec&luctus=sem&cum=duis&sociis=aliquam&natoque=convallis&penatibus=nunc&et=proin&magnis=at&dis=turpis&parturient=a&montes=pede&nascetur=posuere&ridiculus=nonummy&mus=integer&vivamus=non&vestibulum=velit&sagittis=donec&sapien=diam&cum=neque&sociis=vestibulum&natoque=eget&penatibus=vulputate&et=ut');
insert into DeliveryService (DeliveryService_ID, DeliveryType_ID, DeliveryCompany, Telephone, Email, HomePage) values (7, 7, 'Meedoo', '926-606-2897', 'aburdell6@miitbeian.gov.cn', 'http://mapy.cz/sapien/ut.html?rutrum=euismod&nulla=scelerisque&nunc=quam&purus=turpis&phasellus=adipiscing&in=lorem&felis=vitae&donec=mattis&semper=nibh&sapien=ligula&a=nec&libero=sem&nam=duis&dui=aliquam&proin=convallis&leo=nunc&odio=proin&porttitor=at&id=turpis&consequat=a&in=pede&consequat=posuere&ut=nonummy&nulla=integer&sed=non&accumsan=velit&felis=donec&ut=diam&at=neque&dolor=vestibulum&quis=eget&odio=vulputate&consequat=ut&varius=ultrices&integer=vel&ac=augue&leo=vestibulum&pellentesque=ante&ultrices=ipsum&mattis=primis&odio=in&donec=faucibus&vitae=orci&nisi=luctus&nam=et&ultrices=ultrices&libero=posuere&non=cubilia&mattis=curae&pulvinar=donec&nulla=pharetra&pede=magna&ullamcorper=vestibulum&augue=aliquet&a=ultrices&suscipit=erat&nulla=tortor');
insert into DeliveryService (DeliveryService_ID, DeliveryType_ID, DeliveryCompany, Telephone, Email, HomePage) values (8, 8, 'Meevee', '101-269-2033', 'bminillo7@mlb.com', 'https://cloudflare.com/nulla/justo/aliquam.png?metus=nulla&arcu=mollis&adipiscing=molestie&molestie=lorem&hendrerit=quisque&at=ut&vulputate=erat&vitae=curabitur');
insert into DeliveryService (DeliveryService_ID, DeliveryType_ID, DeliveryCompany, Telephone, Email, HomePage) values (9, 9, 'Abata', '785-856-9851', 'dwhall8@artisteer.com', 'http://blog.com/in/eleifend/quam/a.js?tristique=ac&in=nibh&tempus=fusce&sit=lacus&amet=purus&sem=aliquet&fusce=at&consequat=feugiat&nulla=non&nisl=pretium&nunc=quis&nisl=lectus&duis=suspendisse&bibendum=potenti&felis=in&sed=eleifend&interdum=quam&venenatis=a&turpis=odio&enim=in&blandit=hac&mi=habitasse&in=platea&porttitor=dictumst&pede=maecenas&justo=ut&eu=massa&massa=quis&donec=augue&dapibus=luctus&duis=tincidunt&at=nulla&velit=mollis&eu=molestie&est=lorem&congue=quisque&elementum=ut&in=erat&hac=curabitur&habitasse=gravida&platea=nisi&dictumst=at&morbi=nibh&vestibulum=in&velit=hac&id=habitasse&pretium=platea&iaculis=dictumst&diam=aliquam&erat=augue&fermentum=quam&justo=sollicitudin&nec=vitae&condimentum=consectetuer&neque=eget&sapien=rutrum&placerat=at&ante=lorem&nulla=integer&justo=tincidunt&aliquam=ante&quis=vel&turpis=ipsum&eget=praesent&elit=blandit&sodales=lacinia&scelerisque=erat&mauris=vestibulum&sit=sed&amet=magna&eros=at&suspendisse=nunc&accumsan=commodo&tortor=placerat&quis=praesent&turpis=blandit&sed=nam&ante=nulla&vivamus=integer&tortor=pede&duis=justo&mattis=lacinia&egestas=eget&metus=tincidunt&aenean=eget&fermentum=tempus');
insert into DeliveryService (DeliveryService_ID, DeliveryType_ID, DeliveryCompany, Telephone, Email, HomePage) values (10, 10, 'Yodel', '355-725-3506', 'rblacksell9@dagondesign.com', 'http://google.it/risus/semper/porta.aspx?sit=sed&amet=ante&consectetuer=vivamus&adipiscing=tortor&elit=duis&proin=mattis&risus=egestas&praesent=metus&lectus=aenean&vestibulum=fermentum&quam=donec&sapien=ut&varius=mauris&ut=eget&blandit=massa&non=tempor&interdum=convallis&in=nulla&ante=neque&vestibulum=libero&ante=convallis&ipsum=eget&primis=eleifend&in=luctus&faucibus=ultricies&orci=eu&luctus=nibh&et=quisque&ultrices=id&posuere=justo&cubilia=sit&curae=amet&duis=sapien&faucibus=dignissim&accumsan=vestibulum&odio=vestibulum&curabitur=ante&convallis=ipsum&duis=primis&consequat=in&dui=faucibus&nec=orci&nisi=luctus&volutpat=et&eleifend=ultrices&donec=posuere&ut=cubilia&dolor=curae&morbi=nulla&vel=dapibus&lectus=dolor&in=vel&quam=est&fringilla=donec&rhoncus=odio&mauris=justo&enim=sollicitudin&leo=ut&rhoncus=suscipit&sed=a&vestibulum=feugiat&sit=et&amet=eros&cursus=vestibulum&id=ac&turpis=est&integer=lacinia&aliquet=nisi&massa=venenatis&id=tristique&lobortis=fusce&convallis=congue&tortor=diam&risus=id&dapibus=ornare&augue=imperdiet&vel=sapien&accumsan=urna&tellus=pretium&nisi=nisl&eu=ut&orci=volutpat&mauris=sapien&lacinia=arcu&sapien=sed&quis=augue&libero=aliquam&nullam=erat&sit=volutpat&amet=in&turpis=congue&elementum=etiam&ligula=justo&vehicula=etiam&consequat=pretium');


/*Población de datos de tabla de tipo de entrega*/

insert into DeliveryType (DeliveryType_ID, Type, Description, RequiredDate) values (1, 'urna ut tellus nulla ut erat id mauris vulputate elementum nullam varius', 'enim in tempor turpis nec euismod scelerisque quam turpis adipiscing lorem vitae mattis nibh ligula', '8/13/2021');
insert into DeliveryType (DeliveryType_ID, Type, Description, RequiredDate) values (2, 'dapibus duis at velit eu est congue elementum in hac habitasse platea dictumst morbi vestibulum velit id pretium', 'feugiat et eros vestibulum ac est lacinia nisi venenatis tristique fusce congue diam id ornare imperdiet sapien urna', '11/12/2020');
insert into DeliveryType (DeliveryType_ID, Type, Description, RequiredDate) values (3, 'nunc viverra dapibus nulla suscipit ligula in lacus curabitur at ipsum', 'congue vivamus metus arcu adipiscing molestie hendrerit at vulputate vitae nisl aenean lectus', '11/9/2020');
insert into DeliveryType (DeliveryType_ID, Type, Description, RequiredDate) values (4, 'libero quis orci nullam molestie nibh in lectus pellentesque at nulla suspendisse potenti cras', 'imperdiet sapien urna pretium nisl ut volutpat sapien arcu sed augue aliquam erat volutpat in congue etiam justo', '7/21/2021');
insert into DeliveryType (DeliveryType_ID, Type, Description, RequiredDate) values (5, 'dis parturient montes nascetur ridiculus mus etiam vel augue vestibulum rutrum rutrum neque', 'leo maecenas pulvinar lobortis est phasellus sit amet erat nulla tempus vivamus in felis eu', '8/9/2021');
insert into DeliveryType (DeliveryType_ID, Type, Description, RequiredDate) values (6, 'justo maecenas rhoncus aliquam lacus morbi quis tortor id nulla ultrices aliquet maecenas leo odio condimentum id luctus nec molestie', 'sed magna at nunc commodo placerat praesent blandit nam nulla', '6/24/2021');
insert into DeliveryType (DeliveryType_ID, Type, Description, RequiredDate) values (7, 'sed sagittis nam congue risus semper porta volutpat quam pede lobortis ligula sit amet eleifend pede libero quis orci nullam', 'ipsum primis in faucibus orci luctus et ultrices posuere cubilia curae donec pharetra magna', '3/4/2021');
insert into DeliveryType (DeliveryType_ID, Type, Description, RequiredDate) values (8, 'euismod scelerisque quam turpis adipiscing lorem vitae mattis nibh ligula nec', 'lacinia nisi venenatis tristique fusce congue diam id ornare imperdiet sapien urna pretium nisl ut volutpat sapien arcu sed augue', '11/22/2020');
insert into DeliveryType (DeliveryType_ID, Type, Description, RequiredDate) values (9, 'luctus tincidunt nulla mollis molestie lorem quisque ut erat curabitur gravida nisi at nibh in hac habitasse', 'augue quam sollicitudin vitae consectetuer eget rutrum at lorem integer tincidunt ante vel ipsum', '3/29/2021');
insert into DeliveryType (DeliveryType_ID, Type, Description, RequiredDate) values (10, 'massa quis augue luctus tincidunt nulla mollis molestie lorem quisque ut erat curabitur gravida nisi', 'ultrices posuere cubilia curae nulla dapibus dolor vel est donec', '10/7/2021');

/*Población de datos de tabla de el orden de compra*/

insert into orders (Order_ID, User_ID, DeliveryService_ID, OrderDate, PaymentMethod, OrderStatus, Price, Disccount, Quantity, Taxes, Total, Paid, PaymentDate, Canceled) values (1, 1, 1, '12/25/2020', 'pellentesque at', 'odio consequat', '$4296.43', '$555.64', 1, 8.77, 4670.52, 'aliquet', '4/10/2021', 'rutrum nulla');
insert into orders (Order_ID, User_ID, DeliveryService_ID, OrderDate, PaymentMethod, OrderStatus, Price, Disccount, Quantity, Taxes, Total, Paid, PaymentDate, Canceled) values (2, 2, 2, '1/15/2021', 'natoque', 'etiam vel', '$1312.21', '$729.75', 2, 15.53, 110.89, 'consequat varius', '5/19/2021', 'fringilla rhoncus mauris enim leo');
insert into orders (Order_ID, User_ID, DeliveryService_ID, OrderDate, PaymentMethod, OrderStatus, Price, Disccount, Quantity, Taxes, Total, Paid, PaymentDate, Canceled) values (3, 3, 3, '1/12/2021', 'placerat ante', 'natoque penatibus et', '$249.35', '$391.11', 3, 16.92, 3393.66, 'vestibulum', '4/5/2021', 'pharetra magna vestibulum');
insert into orders (Order_ID, User_ID, DeliveryService_ID, OrderDate, PaymentMethod, OrderStatus, Price, Disccount, Quantity, Taxes, Total, Paid, PaymentDate, Canceled) values (4, 4, 4, '1/2/2021', 'sit amet consectetuer', 'ante ipsum', '$4605.00', '$839.75', 4, 4.64, 2952.95, 'non', '1/22/2021', 'enim lorem ipsum');
insert into orders (Order_ID, User_ID, DeliveryService_ID, OrderDate, PaymentMethod, OrderStatus, Price, Disccount, Quantity, Taxes, Total, Paid, PaymentDate, Canceled) values (5, 5, 5, '7/24/2020', 'tempus vel pede morbi porttitor', 'congue etiam', '$515.39', '$93.25', 5, 3.51, 2108.22, 'etiam pretium iaculis justo in', '12/26/2020', 'vivamus tortor duis mattis egestas');
insert into orders (Order_ID, User_ID, DeliveryService_ID, OrderDate, PaymentMethod, OrderStatus, Price, Disccount, Quantity, Taxes, Total, Paid, PaymentDate, Canceled) values (6, 6, 6, '4/22/2020', 'eget', 'turpis', '$4810.68', '$15.80', 6, 11.01, 854.44, 'lacus at turpis', '6/24/2021', 'nec');
insert into orders (Order_ID, User_ID, DeliveryService_ID, OrderDate, PaymentMethod, OrderStatus, Price, Disccount, Quantity, Taxes, Total, Paid, PaymentDate, Canceled) values (7, 7, 7, '3/12/2021', 'sed vestibulum sit', 'quam a odio', '$2966.40', '$164.29', 7, 9.37, 4958.94, 'elementum in hac habitasse', '9/15/2021', 'felis sed');
insert into orders (Order_ID, User_ID, DeliveryService_ID, OrderDate, PaymentMethod, OrderStatus, Price, Disccount, Quantity, Taxes, Total, Paid, PaymentDate, Canceled) values (8, 8, 8, '11/27/2020', 'et eros vestibulum ac est', 'nisl', '$1711.97', '$571.93', 8, 16.86, 470.22, 'placerat praesent blandit nam', '7/11/2021', 'vel enim sit amet');
insert into orders (Order_ID, User_ID, DeliveryService_ID, OrderDate, PaymentMethod, OrderStatus, Price, Disccount, Quantity, Taxes, Total, Paid, PaymentDate, Canceled) values (9, 9, 9, '5/21/2020', 'ultrices posuere', 'nunc vestibulum ante', '$4780.90', '$240.47', 9, 8.45, 287.1, 'dapibus', '3/18/2021', 'nunc proin at turpis');
insert into orders (Order_ID, User_ID, DeliveryService_ID, OrderDate, PaymentMethod, OrderStatus, Price, Disccount, Quantity, Taxes, Total, Paid, PaymentDate, Canceled) values (10, 10, 10, '7/17/2020', 'vestibulum sed magna at nunc', 'libero non', '$4422.18', '$747.01', 10, 8.68, 1548.26, 'eleifend', '7/17/2021', 'sapien non mi integer');

/*Población de datos de tabla de orden-producto*/

insert into orderproduct (OrderProduct_ID, Order_ID, Product_ID) values (1, 1, 1);
insert into orderproduct (OrderProduct_ID, Order_ID, Product_ID) values (2, 2, 2);
insert into orderproduct (OrderProduct_ID, Order_ID, Product_ID) values (3, 3, 3);
insert into orderproduct (OrderProduct_ID, Order_ID, Product_ID) values (4, 4, 4);
insert into orderproduct (OrderProduct_ID, Order_ID, Product_ID) values (5, 5, 5);
insert into orderproduct (OrderProduct_ID, Order_ID, Product_ID) values (6, 6, 6);
insert into orderproduct (OrderProduct_ID, Order_ID, Product_ID) values (7, 7, 7);
insert into orderproduct (OrderProduct_ID, Order_ID, Product_ID) values (8, 8, 8);
insert into orderproduct (OrderProduct_ID, Order_ID, Product_ID) values (9, 9, 9);
insert into orderproduct (OrderProduct_ID, Order_ID, Product_ID) values (10, 10, 10);

